<?xml version="1.0" encoding="utf-8"?>
<COLLADA xmlns="http://www.collada.org/2005/11/COLLADASchema" version="1.4.1" xmlns:xsi="http://www.w3.org/2001/XMLSchema-instance">
  <asset>
    <contributor>
      <author>Blender User</author>
      <authoring_tool>Blender 4.4.1 commit date:2025-04-14, commit time:14:20, hash:d8845b3bb572</authoring_tool>
    </contributor>
    <created>2025-08-12T14:16:53</created>
    <modified>2025-08-12T14:16:53</modified>
    <unit name="meter" meter="1"/>
    <up_axis>Z_UP</up_axis>
  </asset>
  <library_effects>
    <effect id="Material_001-effect">
      <profile_COMMON>
        <newparam sid="Plastic017B_1K-PNG_Color_png-surface">
          <surface type="2D">
            <init_from>Plastic017B_1K-PNG_Color_png</init_from>
          </surface>
        </newparam>
        <newparam sid="Plastic017B_1K-PNG_Color_png-sampler">
          <sampler2D>
            <source>Plastic017B_1K-PNG_Color_png-surface</source>
          </sampler2D>
        </newparam>
        <technique sid="common">
          <lambert>
            <emission>
              <color sid="emission">0 0 0 1</color>
            </emission>
            <diffuse>
              <texture texture="Plastic017B_1K-PNG_Color_png-sampler" texcoord="UVMap"/>
            </diffuse>
            <index_of_refraction>
              <float sid="ior">1.5</float>
            </index_of_refraction>
          </lambert>
        </technique>
      </profile_COMMON>
    </effect>
  </library_effects>
  <library_images>
    <image id="Plastic017B_1K-PNG_Color_png" name="Plastic017B_1K-PNG_Color_png">
      <init_from>Plastic017B_1K-PNG_Color.png</init_from>
    </image>
  </library_images>
  <library_materials>
    <material id="Material_001-material" name="Material.001">
      <instance_effect url="#Material_001-effect"/>
    </material>
  </library_materials>
  <library_geometries>
    <geometry id="disposal_bin-mesh" name="disposal_bin">
      <mesh>
        <source id="disposal_bin-mesh-positions">
          <float_array id="disposal_bin-mesh-positions-array" count="2058">-0.3576748 0.2540273 0.4477186 -0.3576748 0.1155147 0.4477186 -0.3549108 0.1158674 0.4727725 -0.3546337 0.2538279 0.4727724 0.2971209 -0.2280213 0.3428623 0.3146061 -0.2800558 0.3511097 0.2884836 -0.2539334 0.3428623 0.3232434 -0.2541437 0.3511097 -0.1043737 -0.2771908 0.4727725 -0.1170043 -0.2873109 0.4727725 -0.1087573 -0.2938336 0.4824239 0.206972 0.2696918 0.006964862 0.2039149 0.2581478 0 0.178226 0.2723062 0.006970405 -0.2540265 0.3576756 0.4477186 -0.2800565 0.3146067 0.4477186 -0.2856969 0.3547965 0.4477186 -0.2657304 0.2657312 0.3428623 -0.253091 0.2270694 0.006973445 -0.2422769 0.2422769 0.006973445 0.3 -0.196351 0.3428623 0.3261225 -0.2224735 0.3511097 0.3440347 -0.3104567 0.4727725 0.330123 -0.3301222 0.4727725 0.3317628 -0.3317619 0.4477186 0.3134873 0.2521941 0.4727724 0.3112115 0.2514842 0.3511096 0.3137062 0.2218353 0.3511096 0.3539237 -0.1070709 0.4665973 0.3578591 -0.1027131 0.4477186 0.3539237 -0.1070709 0.4477186 0.3578591 -0.1027131 0.4665973 0.2538272 0.3546344 0.4727724 0.2850466 0.3521857 0.4727724 0.285697 0.3547965 0.4477186 0.1158667 0.3549116 0.4727724 0.1155139 0.3576756 0.4477186 0.1059619 0.3663021 0.4477186 -0.1087573 0.2938352 0.4824238 -0.1063084 0.3500062 0.4824238 -0.1097465 0.3190289 0.4824238 -0.1012762 0.2872405 0.4824238 -0.1024405 0.3534886 0.4824238 0.1024406 0.3534886 0.4824238 0.1012762 0.2872405 0.4824238 0.1087574 0.2938352 0.4824238 0.1063085 0.3500062 0.4824238 0.1097466 0.3190289 0.4824238 0.09957998 -0.4234254 0.4017302 0.09957998 -0.414153 0.3921929 0.09957998 -0.4189745 0.3788718 0.09957998 -0.3576737 0.4477188 0.09957998 -0.3998704 0.3982638 0.09957998 -0.395548 0.3937442 0.09957998 -0.3861731 0.3719584 0.09957998 -0.3818507 0.3674389 0.09958153 -0.2973227 0.4665974 0.09958153 -0.3578583 0.4665974 0.09958153 -0.2973227 0.4477186 0.09957998 -0.4329038 0.3905321 0.09957998 -0.4298284 0.3645035 0.09957998 -0.4356584 0.3775615 0.09957998 -0.4169168 0.3558126 0.09957998 -0.4115105 0.3661037 0.09957993 -0.3992897 0.3511097 0.09957998 -0.3961334 0.361368 0.09957993 -0.288881 0.3511099 0.09957998 -0.2888808 0.4477187 0.09957998 -0.4076094 0.3890787 0.09957998 -0.4056543 0.3697762 0.09957998 -0.4109528 0.3792329 0.09957998 -0.3966751 0.3667159 -0.09957993 0.3961349 0.3613678 0.09958022 0.3818524 0.3674388 -0.09958016 0.3818524 0.3674388 0.09957993 0.3961349 0.3613678 0.09958004 0.3861747 0.3719583 -0.09958004 0.3861747 0.3719583 0.2752464 0.1801503 0.02499276 0.3 0.1791405 0.3428623 0.2752464 0.1643584 0.02499276 0.3 0.1963526 0.3428623 0.311609 0.3461592 0.4477186 -0.3 0.1791405 0.3428623 -0.2752464 0.1643584 0.02499276 -0.2781459 0.1623196 0.335762 0.2621999 -0.1644611 0.006973445 0.2876975 -0.1958678 0.3428623 0.2880353 -0.179953 0.3428623 0.3549108 -0.1158658 0.4727725 0.3546338 -0.2538263 0.4727725 0.3576749 -0.2540258 0.4477186 -0.1202452 0.3143105 0.3511096 -0.1181769 0.2854684 0.3511096 -0.1170043 0.2873125 0.4727724 -0.2270694 0.2530909 0.006973445 -0.2486224 0.2778123 0.3428623 -0.09957993 0.399872 0.3982637 0.09957998 0.4141546 0.3921928 -0.09957993 0.4141546 0.3921928 0.09957998 0.399872 0.3982637 -0.3635373 -0.1062846 0.4727725 -0.3534878 0.1024413 0.4824239 -0.3635373 0.1062862 0.4727725 -0.3534878 -0.1024397 0.4824239 0.3461584 -0.3116081 0.4477186 0.3232433 -0.2541437 0.4477186 0.3261225 -0.2224735 0.4477186 -0.3134872 0.2521941 0.4727724 -0.3137061 0.2218353 0.3511096 -0.3112115 0.2514842 0.3511096 -0.2304915 0.2618514 0.006961405 -0.2401628 0.2401627 0 -0.2487846 0.2487846 0.006960213 0.2880353 0.1799545 0.3428623 0.2752847 0.09477484 0.3511096 0.2854676 0.1094565 0.3511096 -0.2541445 0.323244 0.4477186 0.2662252 -0.1672711 0.3287039 0.09957998 0.4076109 0.3890786 -0.09957993 0.3955497 0.3937442 -0.09957993 0.4076109 0.3890786 0.09957998 0.3955497 0.3937442 -0.2538271 0.3546344 0.4727724 -0.1158667 0.3549116 0.4727724 -0.1672719 -0.2662243 0.3287039 0.105647 -0.2752839 0.3511097 0.1672719 -0.2662243 0.3287039 -0.105647 -0.2752839 0.3511097 -0.2329815 -0.2646802 0.02499282 -0.2740879 -0.2740871 0.3428624 -0.2514725 -0.2514724 0.02499282 -0.2539342 -0.2884827 0.3428624 -0.3317628 0.3317635 0.4477186 -0.3461583 0.3116097 0.4477186 -0.3440347 0.3104584 0.4727724 -0.09957993 0.4109543 0.3792328 0.09957998 0.4109543 0.3792328 0.278146 0.1623196 0.335762 0.2888819 -0.09999388 0.3511096 0.278146 -0.1623181 0.3357621 0.2888819 0.09999543 0.3511096 -0.09957993 0.3992913 0.3511096 -0.1155144 0.3261232 0.3511096 -0.1155146 0.3925117 0.3511096 -0.09957993 0.2888825 0.3511098 -0.1155161 0.2888823 0.3511096 -0.2220555 -0.3159152 0.4727725 -0.1202452 -0.3143088 0.3511097 -0.2218345 -0.3137054 0.3511097 0.2541447 0.323244 0.3511096 0.2539342 0.2884842 0.3428623 0.228022 0.2971216 0.3428623 0.2800567 0.3146068 0.3511096 -0.09957993 0.3966766 0.3667158 0.09957993 0.3966766 0.3667158 0.2752464 -0.1801503 0.02499282 0.3 -0.1791388 0.3428623 0.2752464 -0.1643584 0.02499282 0.2622284 -0.1795539 0.006973445 0.3261225 -0.115513 0.3511096 0.3261225 -0.1155131 0.4477186 0.3059106 0.2756931 0.4727724 0.3037687 0.2744333 0.3511096 0.2873117 -0.1082823 0.4727725 0.2854676 -0.1094549 0.3511096 0.3143098 -0.1202445 0.3511096 0.228022 -0.29712 0.3428623 0.2092075 -0.2726047 0.02499282 0.2539342 -0.2884827 0.3428623 0.2873117 0.1082839 0.4727724 0.09957998 0.4115121 0.3661036 -0.09957993 0.4115121 0.3661036 0.2304915 0.2618514 0.006961405 0.2514725 0.2514724 0.02499276 0.2487846 0.2487846 0.006960213 0.2329815 0.2646802 0.02499276 0.3521849 -0.2850458 0.4727725 0.2726047 0.2092075 0.02499276 0.2971209 0.2280228 0.3428623 0.1155146 0.3992913 0.3511096 0.09957993 0.2888825 0.3511098 0.09957993 0.3992913 0.3511096 0.1155139 0.3261232 0.3511096 0.1155161 0.2888823 0.3511096 0.253091 -0.2270694 0.006973505 0.2657304 -0.2657296 0.3428623 0.2778117 -0.2486217 0.3428623 0.3002105 -0.3002096 0.4477186 0.3002105 -0.3002096 0.3511097 0.3146061 -0.2800558 0.4477186 0.315916 0.2220563 0.4727724 0.1199965 0.3177027 0.4727724 0.3534879 0.1024413 0.4824238 0.3549108 0.1158674 0.4727724 0.3500055 0.1063092 0.4824238 0.3635374 0.1062862 0.4727724 -0.3104576 -0.3440338 0.4727725 -0.330123 -0.3301222 0.4727725 -0.3317628 -0.3317619 0.4477187 0.2401628 0.2401627 0 0.3576749 -0.1155131 0.4477186 0.2487846 -0.2487846 0.006960272 0.2304915 -0.2618514 0.006961464 0.2401628 -0.2401627 0 -0.2541446 0.323244 0.3511096 -0.2224742 0.3261232 0.4477186 -0.2224742 0.3261232 0.3511096 -0.2514725 0.2514724 0.02499276 -0.2329815 0.2646802 0.02499276 0.2329815 -0.2646802 0.02499282 -0.2872397 0.09040403 0.4824239 -0.2873116 0.1082839 0.4727725 -0.2938344 0.1000369 0.4824239 -0.2771916 0.09350156 0.4727725 -0.2401628 -0.2401627 0 -0.2487846 -0.2487846 0.006960272 -0.25123 -0.2246686 0 -0.2880353 0.1799545 0.3428623 -0.3143097 0.120246 0.3511097 0.09957998 0.423427 0.4017302 0.09957998 0.3576753 0.4477187 0.1155147 0.423427 0.4017302 -0.2778116 0.2486232 0.3428623 -0.2916072 0.291608 0.3511096 -0.3037687 0.2744333 0.3511096 0.2256884 0.285207 0.3428623 0.2218345 0.3137069 0.3511096 0.1958687 0.2876982 0.3428623 -0.1769866 -0.2605958 0 -0.178226 -0.2723062 0.006970465 -0.2039149 -0.2581478 0 -0.3663013 -0.105961 0.4477186 -0.3663013 0.1059626 0.4477186 -0.2618514 -0.2304915 0.006961464 0.1801505 -0.2752464 0.02499282 -0.09957993 0.4169183 0.3558125 -0.1155146 0.3992913 0.3511096 -0.1155146 0.4169183 0.3558125 0.2514834 0.3112123 0.3511096 0.1963518 -0.2999991 0.3428623 0.1643586 -0.2752464 0.02499282 0.1791397 -0.2999991 0.3428623 -0.1155146 0.42983 0.3645034 -0.09957993 0.43566 0.3775615 -0.09957993 0.42983 0.3645034 -0.1155146 0.43566 0.3775615 -0.1059618 0.3663021 0.4477186 -0.1155139 0.3576756 0.4477186 -0.2800567 0.3146068 0.3511096 -0.2740879 0.2740887 0.3428623 -0.3002105 0.3002111 0.3511096 -0.2539342 0.2884842 0.3428623 -0.2888814 -0.09999299 0.4477186 -0.2888818 -0.09999388 0.3511097 -0.3261224 -0.115513 0.3511097 -0.09957993 0.4329053 0.390532 -0.1155146 0.4329053 0.390532 0.2756924 -0.3059097 0.4727725 0.2933984 -0.2933975 0.4727725 0.2744325 -0.3037678 0.3511097 -0.2933984 0.2933992 0.4727724 -0.2756923 0.3059113 0.4727724 -0.09957993 -0.4234254 0.4017302 -0.1155139 -0.357674 0.4477187 -0.1155146 -0.4234254 0.4017302 -0.09957993 -0.3576737 0.4477188 0.2218345 -0.3137054 0.3511097 0.1799539 -0.2880345 0.3428623 0.1202453 -0.3143088 0.3511097 0.2888814 -0.09999299 0.4477186 -0.2220555 0.3159167 0.4727724 -0.1199964 0.3177027 0.4727724 0.1155139 -0.3261216 0.3511097 0.162319 -0.2781452 0.3357621 -0.2662252 0.1672727 0.3287039 -0.2752847 -0.09477329 0.3511097 -0.2662252 -0.1672711 0.3287039 -0.2752847 0.09477484 0.3511097 -0.2605958 -0.1769865 0 -0.2696918 -0.206972 0.006964981 -0.2723062 -0.178226 0.006970465 -0.09957993 -0.4189745 0.3788718 -0.09957993 -0.414153 0.3921929 -0.09957993 -0.4329038 0.3905321 -0.1155146 -0.4356584 0.3775616 -0.09957993 -0.4356584 0.3775616 -0.1155146 -0.4329038 0.3905321 -0.1791397 0.3000006 0.3428623 -0.1623189 0.2781468 0.335762 -0.1643586 0.2752464 0.02499276 -0.3104576 0.3440354 0.4727724 -0.2850465 0.3521857 0.4727724 -0.311609 0.3461592 0.4477186 -0.3059106 -0.2756915 0.4727725 -0.2933984 -0.2933975 0.4727725 -0.2916072 -0.2916063 0.3511097 -0.09957993 -0.3861731 0.3719584 -0.09957993 -0.3966751 0.3667159 0.2246686 0.25123 0 0.2039149 -0.2581478 0 0.178226 -0.2723062 0.006970465 0.1769866 -0.2605958 0 -0.2218345 0.3137069 0.3511096 -0.1799539 0.2880361 0.3428623 -0.2852063 -0.2256876 0.3428623 -0.2876974 -0.1958678 0.3428623 -0.3112115 -0.2514825 0.3511097 -0.2771916 -0.09349995 0.4727725 0.3112115 -0.2514825 0.3511097 0.2852063 -0.2256876 0.3428623 0.3137062 -0.2218337 0.3511097 -0.2521933 0.3134881 0.4727724 -0.3 0.1963526 0.3428623 -0.2726047 0.2092075 0.02499276 -0.2752464 0.1801503 0.02499276 -0.2971208 0.2280228 0.3428623 0.2224742 0.3261232 0.4477186 0.2224742 0.3261232 0.3511096 0.115514 0.3261232 0.4477186 0.2723062 -0.178226 0.006970465 0.2696918 -0.206972 0.006964921 0.2605958 -0.1769865 0 -0.1043737 0.2771924 0.4727724 -0.1155146 -0.3992897 0.3511097 -0.09957993 -0.4169168 0.3558126 -0.1155146 -0.4169168 0.3558126 -0.09957993 -0.3992897 0.3511097 0.1199965 -0.317701 0.4727725 0.2220556 -0.3159152 0.4727725 0.2581478 -0.2039149 0 -0.3037687 -0.2744318 0.3511097 -0.2581478 0.2039149 0 -0.2605958 0.1769865 0 -0.2696918 0.206972 0.006964921 -0.2256884 -0.2852055 0.3428623 -0.2486224 -0.2778108 0.3428623 -0.2514834 -0.3112106 0.3511097 -0.206972 -0.2696918 0.006964981 -0.2246686 -0.25123 0 0.2740879 -0.2740871 0.3428623 0.2800567 -0.3146051 0.3511097 0.2538272 -0.3546328 0.4727725 0.285697 -0.3547948 0.4477186 0.2850466 -0.3521841 0.4727725 -0.3278112 0.1070725 0.4665973 -0.3539236 0.1070725 0.4477186 -0.3278112 0.1070725 0.4477186 -0.3539236 0.1070725 0.4665973 0.105647 0.2752854 0.3511096 -0.1672719 0.2662258 0.3287039 0.1672719 0.2662258 0.3287039 -0.105647 0.2752854 0.3511096 0.2646802 -0.2329815 0.02499282 0.2514725 -0.2514724 0.02499282 0.2246686 -0.25123 0 -0.228022 -0.29712 0.3428624 -0.1801505 -0.2752464 0.02499282 -0.1963518 -0.2999991 0.3428623 -0.2304915 -0.2618514 0.006961464 -0.25123 0.2246686 0 -0.2618514 0.2304915 0.006961405 0.09957998 0.43566 0.3775615 0.1155147 0.4329053 0.390532 0.1155147 0.43566 0.3775615 0.09957998 0.4329053 0.390532 -0.2092075 -0.2726047 0.02499282 0.3278112 -0.1070709 0.4477186 0.3278112 -0.1070709 0.4665973 0.2657304 0.2657312 0.3428623 0.253091 0.2270694 0.006973445 0.2778117 0.2486232 0.3428623 0.2752847 -0.09477329 0.3511096 -0.09957993 -0.4109528 0.3792329 -0.09957993 -0.4076094 0.3890787 0.1155147 -0.4169168 0.3558126 0.1155147 -0.4298284 0.3645035 -0.3059106 0.2756931 0.4727724 0.2618514 0.2304915 0.006961405 0.2581478 0.2039149 0 0.25123 0.2246686 0 -0.2744325 0.3037694 0.3511096 -0.1958686 0.2876982 0.3428623 -0.2256884 0.285207 0.3428623 0.09957998 0.42983 0.3645034 0.1155147 0.42983 0.3645034 0.2618514 -0.2304915 0.006961464 0.2852063 0.2256892 0.3428623 0.2696918 0.206972 0.006964862 -0.2598611 -0.2065285 0.006973505 -0.2621999 -0.1644611 0.006973505 -0.2622284 -0.1795539 0.006973505 -0.2621999 0.1644611 0.006973445 -0.2598611 0.2065285 0.006973445 -0.2622284 0.1795539 0.006973445 -0.253091 -0.2270694 0.006973505 -0.2422769 -0.2422769 0.006973505 -0.2270694 -0.2530909 0.006973505 -0.2065286 -0.2598609 0.006973505 -0.2065286 0.2598609 0.006973445 -0.1795539 0.2622284 0.006973445 -0.1795539 -0.2622284 0.006973505 -0.1644611 0.2621999 0.006973445 -0.1644611 -0.2621999 0.006973505 0.1644611 0.2621999 0.006973445 0.1644611 -0.2621999 0.006973505 0.1795539 0.2622284 0.006973445 0.1795539 -0.2622284 0.006973505 0.2065286 0.2598609 0.006973445 0.2065286 -0.2598609 0.006973505 0.2270694 0.2530909 0.006973445 0.2270694 -0.2530909 0.006973505 0.2422769 -0.2422769 0.006973505 0.2422769 0.2422769 0.006973445 0.2598611 -0.2065285 0.006973505 0.2598611 0.2065285 0.006973445 0.2621999 0.1644611 0.006973445 0.2622284 0.1795539 0.006973445 0.25123 -0.2246686 0 0.3002105 0.3002111 0.4477186 0.3002105 0.3002111 0.3511096 0.2800566 0.3146067 0.4477186 -0.2514834 0.3112123 0.3511096 0.1170044 -0.2873109 0.4727725 0.1043738 -0.2771908 0.4727725 0.1087574 -0.2938336 0.4824239 0.2486225 -0.2778108 0.3428623 0.2916072 -0.2916063 0.3511097 0.311609 -0.3461574 0.4477186 0.2256884 -0.2852055 0.3428623 0.1958687 -0.2876967 0.3428623 0.2514834 -0.3112106 0.3511097 0.1155147 0.4169183 0.3558125 0.2092075 0.2726047 0.02499276 0.3059106 -0.2756915 0.4727725 0.2521933 -0.3134865 0.4727725 0.3037687 -0.2744318 0.3511097 -0.1155146 -0.4298284 0.3645035 -0.09957993 -0.4298284 0.3645035 0.1769866 0.2605958 0 0.2756924 0.3059113 0.4727724 0.2744325 0.3037694 0.3511096 0.2916072 0.291608 0.3511096 0.1062854 -0.3635365 0.4727725 -0.1024405 -0.353487 0.4824239 -0.1062854 -0.3635365 0.4727725 0.1024406 -0.353487 0.4824239 0.2486225 0.2778123 0.3428623 0.3278112 0.1070725 0.4665973 0.2973237 0.09436684 0.4477186 0.3278112 0.1070725 0.4477186 0.2973237 0.09436684 0.4665973 0.1643586 0.2752464 0.02499276 0.1963518 0.3000006 0.3428623 0.1801505 0.2752464 0.02499276 0.1791397 0.3000006 0.3428623 -0.3 -0.1791388 0.3428623 0.3261225 0.1155146 0.3511096 -0.1199964 -0.317701 0.4727725 -0.228022 0.2971216 0.3428623 -0.1963518 0.3000006 0.3428623 -0.2092075 0.2726047 0.02499276 -0.2888818 0.09999543 0.3511097 -0.3261224 0.1155147 0.4477186 -0.3261224 0.1155146 0.3511097 -0.2888814 0.09999459 0.4477186 0.3547958 0.2856976 0.4477186 0.3521849 0.2850474 0.4727724 0.3546338 0.2538279 0.4727724 0.3143098 0.120246 0.3511096 0.1062854 0.3635382 0.4727724 0.1202453 0.3143105 0.3511096 0.1799539 0.2880361 0.3428623 -0.1062854 0.3635382 0.4727724 0.2740879 0.2740887 0.3428623 -0.357859 0.1027147 0.4477186 -0.357859 -0.1027131 0.4665974 -0.357859 -0.1027131 0.4477186 -0.357859 0.1027147 0.4665973 -0.3576748 -0.1155131 0.4477186 -0.3549108 -0.1158658 0.4727725 0.2540266 0.3576756 0.4477186 0.09958153 0.2973243 0.4477186 -0.09957993 0.2888824 0.4477187 -0.09958148 0.2973243 0.4477186 0.09957998 0.2888824 0.4477187 0.206972 -0.2696918 0.006964921 0.2521933 0.3134881 0.4727724 -0.1799539 -0.2880345 0.3428623 0.315916 -0.2220547 0.4727725 -0.2852063 0.2256892 0.3428623 0.2723062 0.178226 0.006970405 0.2605958 0.1769865 0 -0.2541446 -0.3232425 0.3511097 -0.2800567 -0.3146051 0.3511097 -0.2246686 0.25123 0 -0.09958148 -0.3578583 0.4665974 -0.3261224 0.222475 0.3511096 0.09958153 0.3578599 0.4665973 -0.09957993 0.3576753 0.4477187 -0.09958148 0.3578599 0.4665973 -0.1059618 -0.3663005 0.4477187 0.1059619 -0.3663005 0.4477187 0.09958153 -0.3578583 0.4477186 0.1155139 -0.357674 0.4477186 0.2726047 -0.2092075 0.02499282 0.3578591 0.1027147 0.4665973 0.3539237 0.1070725 0.4477186 0.3578591 0.1027147 0.4477186 0.3539237 0.1070725 0.4665973 0.3104577 0.3440354 0.4727724 0.3317628 0.3317635 0.4477186 0.09957998 0.4189761 0.3788717 0.09958153 0.2973243 0.4665973 0.09957998 0.4169183 0.3558125 0.09957998 0.4056559 0.3697761 -0.09957993 -0.4056543 0.3697762 -0.09957993 -0.395548 0.3937443 -0.09957993 -0.4115105 0.3661037 -0.09957993 -0.3961334 0.361368 -0.09957993 -0.288881 0.3511099 -0.09957993 -0.3818507 0.3674389 -0.09958148 -0.2973227 0.4477187 -0.09957993 -0.2888808 0.4477187 -0.09958148 -0.2973227 0.4665974 -0.09957993 -0.3998704 0.3982638 0.2888814 0.09999459 0.4477186 0.3261225 0.1155147 0.4477186 0.1170044 0.2873125 0.4727724 -0.1097465 -0.3190273 0.4824239 -0.3576748 -0.2540258 0.4477187 0.2224742 -0.3261216 0.3511097 -0.3546337 -0.2538263 0.4727725 0.3547958 -0.285696 0.4477186 -0.2781459 -0.1623181 0.3357621 -0.2752464 -0.1643584 0.02499282 0.2973237 -0.09436529 0.4477186 0.2541446 0.323244 0.4477186 0.3146061 0.2800574 0.4477186 0.3232433 0.2541453 0.4477186 0.3261225 0.222475 0.4477186 0.3461584 0.3116097 0.4477186 0.3576749 0.1155147 0.4477186 0.3576749 0.2540273 0.4477186 0.3663013 0.1059626 0.4477186 0.115514 -0.3261216 0.4477186 0.2540266 -0.357674 0.4477186 0.2224742 -0.3261215 0.4477186 0.2541446 -0.3232425 0.4477186 0.2800566 -0.3146051 0.4477186 0.3663013 -0.105961 0.4477186 -0.3500054 0.1063092 0.4824239 -0.3500054 -0.1063076 0.4824239 -0.3190281 0.1097473 0.4824239 -0.3190281 -0.1097457 0.4824239 -0.2938344 -0.1000353 0.4824239 -0.2872397 -0.09040242 0.4824239 -0.3002104 -0.3002096 0.4477187 -0.314606 -0.2800558 0.3511097 -0.3002105 -0.3002096 0.3511097 -0.314606 -0.2800558 0.4477187 -0.1801505 0.2752464 0.02499276 -0.3143097 -0.1202445 0.3511097 -0.315916 -0.2220547 0.4727725 -0.3137061 -0.2218337 0.3511097 0.3190281 0.1097473 0.4824238 0.3177019 0.1199972 0.4727724 0.2872397 -0.09040242 0.4824238 0.2938344 0.1000369 0.4824238 0.2872397 0.09040403 0.4824238 0.2938344 -0.1000353 0.4824238 0.3190281 -0.1097457 0.4824238 0.3500055 -0.1063076 0.4824238 0.3534879 -0.1024397 0.4824238 0.330123 0.3301238 0.4727724 0.3440347 0.3104584 0.4727724 -0.1063084 -0.3500046 0.4824239 -0.1012762 -0.2872389 0.4824239 0.1012762 -0.2872389 0.4824239 0.1063085 -0.3500046 0.4824239 0.1097466 -0.3190273 0.4824239 -0.3134872 -0.2521924 0.4727725 -0.2884836 -0.2539334 0.3428623 0.3104577 -0.3440338 0.4727725 0.2541447 -0.3232425 0.3511097 0.2662252 0.1672727 0.3287039 0.3146061 0.2800574 0.3511096 0.2884836 0.2539349 0.3428623 0.3232434 0.2541453 0.3511096 0.3261225 0.222475 0.3511096 -0.3539236 -0.1070709 0.4665974 -0.3539236 -0.1070709 0.4477186 0.2933984 0.2933992 0.4727724 -0.3440347 -0.3104567 0.4727725 -0.2778116 -0.2486217 0.3428623 -0.2726047 -0.2092075 0.02499282 -0.2646802 -0.2329815 0.02499282 0.2220556 0.3159167 0.4727724 -0.3232434 -0.2541437 0.3511097 -0.3232433 -0.2541437 0.4477187 -0.1158667 -0.35491 0.4727725 0.2771916 -0.09349995 0.4727725 0.2771916 0.09350156 0.4727724 -0.3 -0.196351 0.3428623 -0.3261224 -0.2224735 0.3511097 -0.3521848 -0.2850458 0.4727725 -0.3461583 -0.3116081 0.4477187 -0.2538271 -0.3546328 0.4727725 -0.2856969 -0.3547948 0.4477187 -0.2540265 -0.357674 0.4477187 -0.1643586 -0.2752464 0.02499282 -0.1623189 -0.2781452 0.3357621 -0.1791397 -0.2999991 0.3428623 0.1158667 -0.35491 0.4727725 -0.1958686 -0.2876967 0.3428623 -0.3177019 -0.1199956 0.4727725 -0.2850465 -0.3521841 0.4727725 -0.2756923 -0.3059097 0.4727725 -0.2521933 -0.3134865 0.4727725 -0.2854676 -0.1094549 0.3511097 -0.2880353 -0.179953 0.3428623 -0.2873116 -0.1082823 0.4727725 -0.2581478 -0.2039149 0 -0.2039149 0.2581478 0 -0.1769866 0.2605958 0 -0.3261224 -0.2224735 0.4477187 -0.3261224 -0.1155131 0.4477186 0.2876975 0.1958693 0.3428623 -0.2971208 -0.2280213 0.3428623 -0.2752464 -0.1801503 0.02499282 -0.3547957 -0.285696 0.4477187 0.3177019 -0.1199956 0.4727725 0.118177 -0.2854669 0.3511097 0.1155161 -0.2888807 0.3511097 -0.2657304 -0.2657296 0.3428623 0.3134873 -0.2521924 0.4727725 -0.3278112 -0.1070709 0.4665974 -0.3278112 -0.1070709 0.4477186 0.3635374 -0.1062846 0.4727724 0.2973237 -0.09436529 0.4665973 -0.2973236 -0.09436529 0.4665974 -0.2973236 -0.09436529 0.4477186 0.2646802 0.2329815 0.02499276 -0.2800565 -0.3146051 0.4477187 -0.1181769 -0.2854669 0.3511097 0.118177 0.2854684 0.3511096 -0.2884836 0.2539349 0.3428623 -0.1155139 -0.3261216 0.4477184 -0.2224742 -0.3261216 0.3511097 -0.1155139 -0.3261216 0.3511097 -0.2224742 -0.3261215 0.4477187 0.162319 0.2781468 0.335762 -0.2744325 -0.3037678 0.3511097 -0.206972 0.2696918 0.006964921 -0.311609 -0.3461574 0.4477187 -0.2541445 -0.3232425 0.4477187 -0.178226 0.2723062 0.006970405 -0.3002104 0.3002111 0.4477186 -0.2973236 0.09436684 0.4477186 -0.2973236 0.09436684 0.4665973 -0.2723062 0.178226 0.006970405 -0.2876974 0.1958693 0.3428623 -0.09958148 0.2973243 0.4665973 -0.3261224 0.222475 0.4477186 -0.1155161 -0.2888807 0.3511097 -0.09957993 0.4189761 0.3788717 -0.2646802 0.2329815 0.02499276 -0.09957993 0.4056559 0.3697761 -0.09957993 0.423427 0.4017302 -0.3232433 0.2541453 0.4477186 -0.314606 0.2800574 0.4477186 -0.1155146 0.423427 0.4017302 -0.3232434 0.2541453 0.3511096 -0.1155139 0.3261204 0.4477186 0.1155146 -0.3992897 0.3511097 -0.3547957 0.2856976 0.4477186 -0.330123 0.3301238 0.4727724 0.1043738 0.2771924 0.4727724 -0.2854676 0.1094565 0.3511096 -0.3521848 0.2850474 0.4727724 -0.3177019 0.1199972 0.4727725 -0.315916 0.2220563 0.4727724 -0.314606 0.2800574 0.3511096 0.1155147 -0.4234254 0.4017302 0.1155147 -0.4329038 0.3905321 0.1155147 -0.4356584 0.3775615</float_array>
          <technique_common>
            <accessor source="#disposal_bin-mesh-positions-array" count="686" stride="3">
              <param name="X" type="float"/>
              <param name="Y" type="float"/>
              <param name="Z" type="float"/>
            </accessor>
          </technique_common>
        </source>
        <source id="disposal_bin-mesh-normals">
          <float_array id="disposal_bin-mesh-normals-array" count="4128">-0.9939692 0 0.10966 -0.9927093 0.001993894 0.1205166 0.2297407 -0.07658034 -0.9702343 0.2297412 -0.07658022 -0.9702342 -0.4287133 0.5350669 0.7279481 0.04595333 0.5070999 -0.8606613 0 0 -1 0.8111202 -0.5767945 0.0969128 0.2779118 -0.02526491 -0.9602743 0.2779132 -0.02526426 -0.9602739 0.813001 -0.5751307 0.09085172 -0.9962965 -0.08382958 0.01912564 -0.7421592 0.6702237 0 -0.7421597 0.6702231 -2.62548e-7 0.07776117 0.9913923 0.1053305 0.668486 0.7402072 0.07224774 -7.87296e-6 8.73804e-7 1 4.50388e-7 5.10928e-7 1 -3.98714e-7 4.42851e-7 1 0 4.49859e-7 1 1.47134e-7 0 1 0 0 1 0 0 1 0 0 1 -1 0 0 -1 0 0 -1 0 -2.36382e-7 -1 0 0 -1 -4.24046e-7 1.59517e-7 -1 0 0 -1 0 8.40623e-5 -1 2.61723e-5 3.94655e-7 -1 0 0 -1 0 0 -1 0 0 -1 0 0 -1 0 0 -1 -7.4144e-7 3.895e-7 -1 -2.38262e-7 7.99614e-7 -1 0 7.26303e-7 -1 0 1.33411e-7 -1 0 0 -1 2.61723e-5 1.87138e-5 -1 -1.87106e-4 0 -1 -8.75531e-7 2.97314e-7 -1 -1.4368e-7 3.71438e-7 -1 0 2.71795e-7 -1 -1.40534e-7 2.81518e-7 0 -0.3911897 -0.9203101 0 -0.3911897 -0.9203101 0 -0.7227002 0.6911616 0 -0.7227002 0.6911616 0.9969816 0 -0.07763838 0.9969816 0 -0.07763838 0.3144299 0.943292 0.106462 -0.6121252 -0.7906857 -0.01089864 -0.9967567 0.02115726 0.07764291 0.9927095 -0.001993656 0.1205155 -0.9973816 -0.07152265 0.01069694 0.5741384 -0.8130303 0.09667986 0 0.3911821 0.9203134 0 0.391182 0.9203133 -0.6926746 0 0.7212503 -0.6926734 0 0.7212514 0.8100332 -0.578596 0.09525221 0.9958934 -0.09053379 1.22887e-6 0.9958931 -0.09053748 0 0.9962966 -0.08382856 0.01912564 -0.2911027 0.4076118 -0.8655125 -0.1739825 0.1206715 0.9773272 0 0 -1 -0.502048 -0.8648388 -0.001272141 0 -0.3607769 -0.9326521 -1.39838e-7 -0.3607749 -0.932653 -0.00199449 0.9927095 0.1205153 0 0.9270814 0.3748602 0 0.9270816 0.3748596 -0.5783966 -0.8097553 -0.09876108 -0.5783964 -0.8097555 -0.09876108 -0.8100339 0.5785955 0.09524852 0 -0.9468936 -0.321547 0 -0.9468936 -0.321547 0.8194169 0 -0.5731979 0.8194178 0 -0.5731967 0 0 -1 9.35055e-6 -8.00676e-7 -1 7.43672e-6 -1.61956e-6 -1 0.005939126 0.9998173 0.01817059 0.07658046 0.2297412 -0.9702342 0.07657945 0.2297413 -0.9702342 0 0.4466407 0.8947134 0 0.4466407 0.8947134 0.9969816 0 -0.07763838 0.9969816 0 -0.07763838 -0.9971427 -0.001886248 0.07551759 1 0 0 1 0 0 -0.9510362 -0.3084359 0.01993685 -0.350341 -0.9365125 0.01433652 0.3149017 -0.9447037 -0.09149819 -0.8215687 0.5698271 0.01794451 0 0.2943319 -0.9557033 0 0.2943318 -0.9557033 0.5690683 0.7966933 -0.2035706 0.5690681 0.7966936 -0.2035703 0.9479753 -0.3040481 0.09432715 0.9925478 0.09023571 -0.08189254 0.9925481 0.09023243 -0.08189266 0 -1.61956e-6 -1 -1.12225e-5 0 -1 -1.12206e-5 0 -1 -0.813028 0.574142 0.0966767 0.8137331 -0.5812388 0 0.8137331 -0.5812388 0 -0.9966027 -0.08031219 0.01824736 0.6887503 0.07644301 0.7209574 0.6887499 0.07644319 0.7209577 0.5150057 0.4636746 0.7209542 0.5149961 0.4636786 0.7209585 -0.5751306 -0.8130011 0.09085154 0.2911025 0.4076118 -0.8655125 0.9939692 0 0.10966 0.2911025 -0.407612 -0.8655125 -0.09053623 0.9958931 -3.07217e-7 -0.09053748 0.9958931 0 -0.5690683 0.7966933 -0.2035706 -0.5690681 0.7966936 -0.2035703 0.3148968 -0.9447053 -0.0914976 0.5718141 0.3914684 0.7209585 0.5718151 0.3914681 0.7209579 -0.4075859 -0.2911321 -0.8655148 0.3032092 -0.001801252 0.9529224 -9.10546e-7 0.5731475 0.8194522 0 0.5731477 0.8194521 0.1817677 -0.1287114 0.9748815 -0.0234605 -0.2808262 0.9594718 -0.04612058 -0.5073326 -0.8605153 -0.9939696 0 0.1096553 -0.9939697 0 0.1096553 -0.4076503 -0.2911301 -0.8654851 0.090236 -0.992548 -0.08189028 0 0.2577816 -0.9662032 0 0.2577816 -0.9662033 -0.02363073 -0.2808463 0.9594618 0 -0.9969818 -0.0776357 0 -0.9969818 -0.0776357 -0.750006 -0.02944719 0.6607753 0 0.9131258 -0.407678 0 0.9131258 -0.407678 -0.668486 0.7402072 0.0722478 -0.1283053 0.1796257 -0.9753319 -0.1283043 0.1796258 -0.975332 -0.3846638 0.9230567 -6.57266e-6 0 0.9781841 0.2077399 0 0.9781841 0.2077399 -0.5769864 0.8165002 0.0203489 0.5769799 -0.8165007 0.02051633 0 -0.5731475 0.8194522 9.10546e-7 -0.5731474 0.8194523 -0.001800835 0.3032095 0.9529222 0.384679 0.9230505 2.84746e-7 0.01748985 -0.9994597 0.02783101 0.002724766 -0.3070979 -0.9516741 0.9270831 0 0.3748558 0.9270833 0 0.3748555 -0.507346 -0.04597645 -0.8605152 0 -0.9403038 0.3403363 0 -0.9403041 0.3403357 0 -0.9781836 0.207742 0 -0.9781836 0.207742 0.7906852 0.6121258 -0.01090228 -0.3040507 0.9479741 0.09433156 0.8164951 0.5769878 0.02051603 -0.08987128 0.9886104 0.1207173 0 -0.4466407 0.8947134 0 -0.4466407 0.8947134 0.1594005 0.4785474 -0.8634721 0.04612052 -0.5073326 -0.8605153 0.001801729 -0.3032092 0.9529223 0.2809901 0.02347439 0.9594235 0.9998772 0 0.01567173 0.9998772 0 0.01567173 -0.2809901 0.02347439 0.9594235 -0.280683 0.02361708 0.9595099 0.08031219 -0.9966027 0.0182476 -0.9925478 0.09023559 -0.08189243 -0.9925481 0.09023338 -0.08189254 0 1 -3.08484e-7 0 1 -3.08484e-7 0.507346 -0.04597592 -0.8605152 0.8250087 0.564806 0.01884192 -0.4691748 -0.5322397 0.7046955 0 -0.2577831 -0.9662028 0 -0.2577831 -0.9662028 -0.01748865 0.9994597 0.02783077 0.5070687 -0.04609644 -0.8606721 0.8159397 0.5777789 0.02034729 -0.5070697 0.04609638 -0.8606716 0.07512158 0.2329813 0.9695754 -0.1595519 -0.4786595 -0.8633819 0.1283041 -0.1796258 -0.975332 0.1283043 -0.1796258 -0.975332 0.07776027 -0.9913929 0.1053258 0 -1 0 0 -1 0 0 -0.9270814 0.3748602 0 -0.9270816 0.3748596 0.8097559 -0.5783956 -0.09876203 0.2911643 -0.4076302 -0.8654831 -0.09022974 -0.9925486 -0.08188933 -0.2911645 -0.4076301 -0.8654831 -0.4784994 0.1594984 -0.8634805 -0.5812419 0.8137308 1.90061e-6 0.09022963 -0.9925486 -0.08188939 0 0.9781841 0.2077399 0 0.9781841 0.2077399 -0.3148968 -0.9447054 -0.0914976 0 1 0 0 1 0 -0.4076503 0.2911299 -0.8654851 -0.2911026 -0.407612 -0.8655124 -0.8130279 -0.5741419 0.09667932 -0.7401709 0.668442 0.07302314 -0.7412143 0.667355 0.07237863 -0.8215688 -0.5698269 0.01794469 -0.6887487 0.07644361 0.7209587 -0.6887503 0.07644301 0.7209574 0.2326642 0.07545626 0.9696255 0 0.9468936 -0.321547 0 0.9468936 -0.321547 -0.1594 -0.4785478 -0.8634718 -0.090236 -0.992548 -0.08189022 0 -0.5583924 -0.829577 0 -0.5583924 -0.829577 0.6029815 0.1658149 0.7803324 0.8159416 -0.5777761 0.02034741 0.4784994 0.1594984 -0.8634805 0.1285031 -0.1819716 0.9748709 0.02346056 -0.2808272 0.9594716 0 0.9131258 -0.407678 0 0.9131258 -0.407678 0.478688 -0.1594474 -0.8633854 -0.2326629 -0.0754562 0.969626 0.4786878 0.1594473 -0.8633855 -3.05213e-6 1.29187e-7 1 -3.30206e-6 0 1 -3.30814e-6 0 1 -3.26693e-6 0 1 0 0 1 0 0 1 0 0 1 0 0 1 0 0 1 0 0 1 0 0 1 0 0 1 3.52298e-7 0 1 3.38282e-7 0 1 0 0 1 0 0 1 0 0 1 0 0 1 0 0 1 0 0 1 -2.48657e-7 0 1 -2.51982e-7 0 1 0 0 1 0 0 1 0 0 1 0 0 1 0 0 1 0 0 1 0 0 1 0 0 1 3.3849e-6 0 1 6.34986e-6 1.35425e-7 1 2.95793e-6 0 1 3.50724e-6 0 1 0.4076502 -0.2911301 -0.8654852 0.5812357 0.8137353 -2.51024e-7 0.02363079 -0.2808473 0.9594615 0.4075859 -0.2911321 -0.8655148 0.4287133 0.5350669 0.7279481 -0.1285026 0.181971 0.974871 -0.1288026 0.1818968 0.9748453 0.8097525 -0.5784003 -0.09876167 0.3144301 -0.9432924 0.1064575 0.3846638 0.9230567 -6.57094e-6 -0.0234608 0.2808262 0.9594719 -0.02363187 0.2808464 0.9594618 1 -1.0692e-5 -9.25449e-7 1 7.08396e-7 7.70877e-6 1 -8.48205e-6 3.74985e-6 1 -3.943e-7 0 1 1.20737e-7 -1.79374e-7 1 6.89777e-7 0 1 0 0 0.1595515 0.4786584 -0.8633826 0.3148967 0.9447049 -0.09150254 -0.8164958 0.5769868 0.02051603 -0.08031219 0.9966027 0.01824736 -0.8159404 0.5777779 0.02034729 0 -0.9131261 -0.4076772 0 -0.9131261 -0.4076772 0.0461204 0.5073316 -0.8605159 0.1821009 -0.1285955 0.9748346 -0.5777718 -0.8159447 0.02034741 -0.04595357 -0.5071011 -0.8606606 0 -0.6926746 0.7212502 0 -0.6926746 0.7212503 -0.1285026 -0.181971 0.9748711 0.3846794 -0.9230502 0 0.3846794 -0.9230502 0 0 0.9969815 -0.07764035 0 0.9969815 -0.07764035 -0.2332568 -0.0752092 0.9695024 -0.04579752 0.1098979 -0.9928872 -0.08298856 -0.9933857 0.07935744 -0.9510366 0.3084345 0.0199368 0.3070968 0.00272423 -0.9516744 0.01748865 0.9994597 0.02783077 -0.09022867 0.9925482 -0.08189457 -0.3846638 -0.9230567 5.69497e-7 -0.3846788 -0.9230505 -6.2166e-6 -0.3084393 -0.9510351 0.01993685 0.9913919 0.07776486 0.1053315 -0.3032086 -0.00180149 0.9529225 0.6673174 0.7411726 0.07314866 -0.00180149 -0.3032086 0.9529225 -0.4636798 0.5149974 0.7209569 -0.4636716 0.5149999 0.7209604 0.1283044 0.1796258 -0.975332 0.1283053 0.1796256 -0.9753319 1 0 0 1 0 0 -0.7412143 -0.667355 0.07237881 -0.7401709 -0.668442 0.07302331 0.00199455 0.9927095 0.1205153 0 -1.05909e-5 -1 0 -1.05909e-5 -1 0.3105225 -0.9315818 -0.1890268 0.3105224 -0.9315819 -0.1890267 -0.1817672 -0.1287108 0.9748817 -0.006293952 0.2965461 0.9549978 -0.5767902 -0.8111233 0.09691327 0.3115978 -1.47245e-5 -0.9502141 -0.3068143 -0.9515678 0.01959031 -0.8648387 0.5020483 -0.001275599 0.4784993 -0.1594986 -0.8634805 -0.9998173 0.005940318 0.01817059 0.30107 0 -0.953602 0.3010707 -2.65702e-7 -0.9536018 0.2332584 -0.07520848 0.969502 -0.311767 -0.9459221 0.089625 -0.3503403 0.9365127 0.01433622 0.507346 0.04597568 -0.8605151 -0.07658016 -0.2297406 -0.9702344 -0.07658022 -0.2297405 -0.9702343 -0.9479762 0.3056569 0.08896625 -0.2911645 0.40763 -0.8654831 0 0.9999522 0.009775996 0 0.9999522 0.009775996 -0.3010703 -2.63225e-7 -0.9536019 -0.3010699 0 -0.953602 0 -0.9999522 0.009775996 0 -0.9999522 0.009775996 9.35165e-6 1.0355e-5 -1 0 1.72731e-5 -1 -9.01737e-7 -4.21165e-6 -1 0 9.68835e-4 -0.9999995 0 -3.49955e-6 -1 0.9925481 -0.09023243 -0.08189225 0.9925478 -0.09023565 -0.08189213 -0.7421585 -0.6702243 2.62548e-7 -0.7421581 -0.670225 0 0.578599 0.8100306 0.09525519 0 0.9939696 0.1096554 0.9814577 -0.08922743 -0.1696447 0.9814576 -0.08922666 -0.1696459 -1 -8.10954e-6 -5.69053e-6 -1 0 0 -1 2.81019e-7 2.39774e-7 -1 -5.67098e-5 1.96158e-5 -1 3.69117e-7 -3.58862e-7 -1 0 0 -1 1.87106e-4 0 -1 0 1.64268e-5 -1 0 1.64259e-5 -1 -1.52265e-5 3.94655e-7 -1 -3.01524e-5 -1.2329e-5 -1 -2.16054e-5 -6.64778e-6 -1 4.42583e-7 1.36179e-7 -1 9.10853e-7 -2.45483e-7 -1 1.17803e-6 0 -1 0 0 -1 0 0 -1 0 0 -1 0 0 -1 -1.07274e-5 -1.71608e-7 -1 0 2.80176e-7 -1 8.59424e-7 0 -1 0 0 -1 0 8.40623e-5 -0.1288015 -0.1818971 0.9748454 -0.3056612 -0.9479745 0.08896946 0.9486836 -0.3162271 0 0.9486848 -0.3162232 1.17062e-6 1 0 0 1 -5.94435e-7 0 1 0 -2.71795e-7 1 1.40533e-7 -2.81517e-7 1 0 0 1 0 0 1 0 0 1 0 0 1 0 0 1 -3.7072e-7 1.94751e-7 1 2.04319e-7 6.63434e-7 1 0 7.26301e-7 1 -1.52527e-7 -8.68415e-7 1 0 0 1 2.62958e-5 1.86474e-5 1 -1.87989e-4 0 1 0 8.40621e-5 1 2.62957e-5 0 1 -1.34898e-7 -1.3115e-7 1 0 0 1 -7.18022e-7 4.61987e-7 1 0 0 1 1.80166e-7 -2.64463e-7 1 -1.38472e-6 3.24214e-7 0.3846788 -0.9230505 -6.2166e-6 0.8648381 -0.5020495 -0.001273214 0.9951769 -0.09798014 0.004767 -0.006294488 -0.2965453 0.954998 0.179625 -0.1283048 -0.9753321 0.1796261 -0.1283046 -0.975332 -0.6793945 0.06689006 0.7307181 -0.9939692 0 0.10966 -1.12077e-5 9.68739e-4 -0.9999995 -0.8111202 -0.5767945 0.09691286 -0.0211572 -0.9967565 0.07764518 -2.65702e-7 -0.3010694 -0.9536022 0 -0.301069 -0.9536024 -0.9927093 -0.001993894 0.1205166 0.9913919 -0.07776486 0.1053315 1.36535e-7 -0.391182 0.9203134 1.36535e-7 -0.391182 0.9203134 -0.9999565 0 -0.009329736 -0.9999565 0 -0.009329736 0 0.7226907 0.6911716 0 0.7226907 0.6911716 -1.49638e-7 7.06063e-6 -1 0 1.05909e-5 -1 0 0 -1 0 -1.57908e-7 -1 0 0 -1 0 -1.49021e-7 -1 0 0 -1 0 0 -1 -2.1516e-7 9.44537e-7 -1 2.7863e-7 -1.22317e-6 -1 0 -8.65824e-7 -1 0 -8.65824e-7 -1 -2.36134e-7 -7.084e-7 -1 -4.81409e-7 -6.73977e-7 -1 -1.9969e-7 -5.99072e-7 -1 -6.73977e-7 -4.81413e-7 -1 -3.32821e-7 -4.65945e-7 -1 -8.66553e-7 -2.88846e-7 -1 -1.91336e-6 -1.73946e-7 -1 -5.28376e-6 0 -1 -6.0948e-7 -1.21918e-7 -1 0 -1.32637e-7 -1 -2.15439e-7 -1.53885e-7 -1 3.40059e-6 0 -1 0 0 -1 0 0 -1 0 0 -1 0 0 -1 0 -1.45074e-7 -1 0 0 -1 0 0 -1 0 0 -1 0 0 -1 0 0 -1 0 0 -1 0 0 -1 0 0 -1 0 0 -1 0 0 -1 0 0 -1 -5.39877e-6 -2.7863e-7 -1 6.09479e-7 -1.21918e-7 -1 0 -1.32637e-7 -1 2.15439e-7 -1.53885e-7 -1 4.93303e-7 -1.64435e-7 -1 1.83757e-7 -1.65946e-7 -1 -6.93089e-5 9.97443e-7 -1 0 0 -1 0 -1.40628e-7 -1 2.36674e-6 -2.1516e-7 -1 0 0 1 -8.40229e-6 1.40169e-7 1 0 1.40169e-7 1 9.6207e-7 0 1 0 0 1 0 0 1 0 0 1 0 0 1 0.3040504 0.9479742 0.0943312 -0.8137336 -0.5812379 2.4327e-7 -0.8137331 -0.5812388 0 -0.04579764 -0.1098982 -0.9928871 -0.005939126 0.9998173 0.01817059 0 0.360773 -0.9326537 -1.39563e-7 0.360771 -0.9326545 -0.09023594 0.9925476 -0.08189421 -0.0751211 -0.2329798 0.9695758 0.9998173 0.005940616 0.01817089 -0.9459229 -0.3117654 0.08962351 0.07644331 0.68875 0.7209577 0.07644313 0.6887504 0.7209572 0 0 1 0 0 1 0 0 1 0 0 1 0 0 1 0 0 1 0 0 1 0 0 1 -0.3056613 0.9479749 0.08896517 0.7402125 -0.6684796 0.07225251 0.8129994 0.5751331 0.09085166 0 0 1 0 0 1 0 0 1 0 0 1 1.47134e-7 4.52445e-7 1 -3.64355e-6 3.85822e-7 1 0 0 1 0 0 1 0.3105235 0.9315812 -0.1890285 0.3105224 0.9315819 -0.1890267 0.9515696 0.3068085 0.01959002 0.2326629 -0.0754562 0.969626 -0.179627 -0.1283049 -0.9753317 -0.1796241 -0.1283057 -0.9753322 0.3040506 -0.9479746 0.09432685 -0.5741386 0.8130305 0.09667611 0.9510366 0.3084345 0.0199368 0.02526408 -0.2779115 -0.9602744 0.02526479 -0.2779116 -0.9602743 -0.7906861 -0.6121248 -0.01089918 -0.9999217 0 0.01251041 -0.9999218 0 0.01251041 0.001886248 0.9971429 0.07551527 0.2297415 0.07657957 -0.9702342 0.2297404 0.07657992 -0.9702345 -0.002724945 0.307097 -0.9516743 0 -0.9939696 0.1096554 0 -0.9939696 0.1096554 -0.08715063 -0.9929857 0.07990175 -0.3068143 0.9515678 0.01959103 0.2779108 0.02526479 -0.9602746 0.2779123 0.02526414 -0.9602742 0.7421592 0.6702237 0 0.7421597 0.6702231 -2.64507e-7 -0.8164981 -0.5769836 0.02051633 -0.8130003 -0.5751315 0.09085267 -0.3117671 0.9459225 0.08962064 0.9479762 0.3056568 0.08896619 0.09053617 -0.9958931 4.19184e-7 0.09053373 -0.9958934 1.22914e-6 -0.9315814 -0.3105235 -0.1890269 -0.9315816 -0.3105222 -0.1890284 0.9929863 0.08714663 0.07989865 -0.005940318 -0.9998173 0.01817089 -0.9486832 -0.3162281 0 -0.9486846 -0.3162242 1.16912e-6 -0.3148967 0.9447049 -0.09150248 0.8097524 0.5784001 -0.09876441 0.09022867 0.9925482 -0.08189463 -1.37716e-7 0.3911853 -0.9203119 0 0.3911869 -0.9203113 -0.3084349 0.9510365 0.01993662 0.9479759 0.3040468 0.09432554 0.9951769 0.09798055 0.004767 -0.08715063 0.992986 0.07989716 -0.6673175 -0.7411726 0.07314866 -0.6927258 0 0.7212011 -0.6927247 0 0.7212021 0.5783966 -0.8097553 -0.09876114 0.5783964 -0.8097555 -0.09876114 0.07512134 -0.2329806 0.9695757 -0.3010708 -2.63224e-7 -0.9536018 -0.30107 0 -0.953602 0.9999566 0 -0.009329795 0.9999565 0 -0.009329795 -0.9479753 -0.3040481 0.09432601 -0.08987498 -0.9886099 0.1207185 0.7906861 -0.6121248 -0.01089924 0 -4.92311e-7 -1 -1.49638e-7 0 -1 0.6887504 -0.07644271 0.7209573 0.6887499 -0.07644295 0.7209577 0.006293952 0.2965471 0.9549975 0.3070959 -0.002723813 -0.9516746 0 0 1 0 0 1 0 0 1 0 0 1 0 0 1 0 0 1 0 0 1 0 0 1 0 0 1 0 0 1 0 0 1 0 0 1 0 0 1 0 0 1 0 0 1 0 0 1 0.04401671 -0.1176631 0.9920776 0.07658022 -0.2297405 -0.9702343 0.07658022 -0.2297405 -0.9702343 0.3596155 -0.9330242 0.01193535 0.9459229 0.3117656 0.08962202 0 0 -1 0 0 -1 0 0 -1 0 0 -1 0 0 -1 0 0 -1 0 0 -1 0 0 -1 0 0 -1 0 0 -1 0 0 -1 0 0 -1 0 0 -1 0 0 -1 0 0 -1 0 0 -1 0 0 -1 0 0 -1 0 0 -1 0 0 -1 0 0 -1 0 0 -1 0 0 -1 0 0 -1 0 0 -1 0 0 -1 -0.02115541 0.996757 0.07764053 0.09291225 -0.2229583 -0.9703901 0 0.3225983 0.946536 0 0.3225983 0.946536 0 -1 1.23394e-6 0 -1 1.23394e-6 0 -0.9999565 -0.009327411 0 -0.9999565 -0.009327411 -0.3596158 0.9330241 0.01193487 -1 0 0 -1 0 0 -0.9967567 -0.02115738 0.07764303 -0.9925481 -0.09023338 -0.08189213 -0.9925478 -0.09023571 -0.08189201 0.30107 0 -0.953602 0.30107 0 -0.9536021 0.7500056 0.02944809 0.6607756 0.09291255 0.2229573 -0.9703903 -0.1283043 -0.1796258 -0.975332 -0.1283041 -0.1796258 -0.975332 0 -0.9869519 -0.1610151 0 -0.9869519 -0.1610151 0 -0.986952 -0.1610152 0 1 0 -0.9432918 -0.314431 0.1064606 0.6684861 -0.7402071 0.07224768 -0.5149951 -0.4636778 0.7209597 -0.5150059 -0.4636732 0.720955 -0.001886248 0.9971429 0.07551532 -0.9994597 0.01748985 0.02783077 -0.2965453 -0.006294488 0.9549981 0.3056613 0.9479749 0.08896517 -0.2779132 -0.02526426 -0.9602739 -0.2779113 -0.02526509 -0.9602745 -0.6121233 0.7906872 -0.01090258 -0.3105223 -0.9315818 -0.1890268 -0.3105224 -0.9315818 -0.1890269 0.6305819 0.7759177 0.01783794 0.08922654 -0.9814577 -0.1696445 0.08922773 -0.9814573 -0.1696465 0.08987504 -0.9886099 0.1207184 -0.2806821 -0.0236169 0.9595102 -0.3115984 1.78168e-5 -0.9502139 0.5751307 -0.8130012 0.09085088 0.8648387 0.5020482 -0.001275658 0.7402126 0.6684796 0.07225227 0.578596 -0.8100333 0.0952515 0.9973816 0.0715233 0.01069682 0.1900481 0.609928 0.7693306 0.813028 0.574142 0.09667664 0 0 1 0 0 1 9.27534e-7 7.61131e-7 1 -2.30585e-7 7.15145e-7 1 0 6.33983e-7 1 -3.98226e-7 5.63535e-7 1 1.05844e-6 3.56584e-7 1 0 0 1 0 0 1 0 0 1 0 0 1 0 0 1 0 0 1 0 0 1 0 0 1 0 0 1 -0.8100338 -0.5785952 0.09525126 0 1 0 0 1 0 -0.9886099 -0.08987528 0.1207185 0.3162281 -0.9486832 6.83823e-7 0.3162281 -0.9486832 6.83823e-7 0.9939696 0 0.1096554 0.9939697 0 0.1096553 0.4636716 -0.5149999 0.7209604 0.4636798 -0.5149974 0.7209569 0 -1.57908e-7 -1 0 -1.3917e-7 -1 0 -1.3917e-7 -1 0 -1.3917e-7 -1 1.54107e-7 -1.3917e-7 -1 -1.60645e-7 -1.45074e-7 -1 0.9994597 0.01748985 0.02783077 0.6926745 0 0.7212502 0.6926746 0 0.7212502 0.1796264 0.1283044 -0.9753319 0.179626 0.1283045 -0.975332 -0.3846791 0.9230503 0 -0.3846791 0.9230503 0 0.5812388 -0.8137331 0 0.5812357 -0.8137353 9.60913e-7 0 -1 1.23394e-6 1.11452e-6 -1 0 -1 0 0 -1 0 0 0.1327106 0.009517848 0.9911091 0.9962966 0.08382892 0.01912558 0.7966936 0.5690685 -0.203569 0.7966946 0.5690661 -0.203572 -0.001994729 -0.9927093 0.1205166 -0.9814574 -0.08922737 -0.1696463 -0.9814575 -0.08922767 -0.169646 0.137322 0.1689718 0.9760078 -0.9933859 -0.08298915 0.07935541 0.350341 -0.9365125 0.0143364 -0.1739819 -0.120671 0.9773274 0 -0.5114856 -0.8592919 0 -0.5114856 -0.8592919 0 0.9999218 0.01250755 0 0.9999218 0.01250755 0 -0.9939696 0.1096554 0.9958934 0.09053373 0 0.9958931 0.09053748 1.22887e-6 0.9315814 0.3105235 -0.1890268 0.9315814 0.3105235 -0.1890269 0.502048 -0.8648388 -0.001272201 -0.5812388 -0.8137331 1.79303e-7 -0.5812357 -0.8137353 1.14753e-6 0.6029813 -0.1658146 0.7803327 -0.5020464 0.8648397 -0.001276314 0.4691722 0.53224 0.7046971 -0.9951769 0.09798055 0.00476706 -0.6887499 -0.07644295 0.7209577 -0.6887504 -0.07644271 0.7209572 -0.4087941 0.1512128 -0.9000123 -0.7966946 -0.5690661 -0.203572 -0.7966936 -0.5690685 -0.203569 -0.6251715 0.7802616 0.01877248 -0.1900484 0.6099281 0.7693305 -0.1327111 0.009516835 0.9911091 0.9966027 0.08031249 0.0182476 1 0 0 1 0 0 0.8111207 0.5767943 0.09691017 0.5718132 -0.3914677 0.7209596 0.5718156 -0.3914669 0.7209582 -0.9969816 0 -0.07763832 -0.9969816 0 -0.07763832 0.001801133 0.3032101 0.9529221 0 -1 0 0 -1 0 0.57679 0.8111238 0.09690952 0.1739819 -0.120671 0.9773274 -0.0440157 0.1176635 0.9920776 0.08715063 0.992986 0.07989716 0.2492232 -0.646611 0.7209591 0.2492233 -0.6466111 0.7209589 0 0.6927258 0.721201 0 0.6927247 0.7212021 0.3068146 0.9515677 0.01959103 -0.4636798 -0.5149974 0.7209569 -0.4636716 -0.5149999 0.7209604 0.08031219 0.9966027 0.01824736 -0.0892266 -0.9814577 -0.1696447 -0.08922773 -0.9814573 -0.1696465 -0.4691749 0.5322398 0.7046956 0.9973816 -0.07152289 0.01069682 -0.1373224 0.1689724 0.9760075 -0.8097524 0.5784002 -0.09876435 0.2965466 0.006294488 0.9549976 0.6251714 0.7802616 0.01877242 -0.9479761 -0.3056569 0.08896768 -0.08298957 0.993386 0.07935303 -0.668486 -0.7402072 0.07224774 -0.9913921 -0.07776391 0.1053303 -0.2297408 -0.07658034 -0.9702343 -0.2297427 -0.07657963 -0.9702339 -0.9958934 -0.09053379 1.22914e-6 -0.9958931 -0.09053748 0 0 -1 0 -1.11452e-6 -1 1.23394e-6 0.6121252 -0.7906857 -0.0108987 -0.6305816 0.775918 0.01783806 -0.5690683 -0.7966934 -0.2035706 -0.5690674 -0.7966943 -0.2035689 -0.9994597 -0.01748979 0.02783077 -0.9447053 -0.3148965 -0.09149944 -0.9447048 -0.3148978 -0.09149938 0.6673174 -0.7411726 0.07314866 0.6793945 0.06689006 0.7307181 0.993386 0.08298921 0.079355 0.9486836 0.3162271 1.17061e-6 0.9486849 0.3162229 0 0 -0.8633095 -0.5046749 0 -0.8633095 -0.5046749 0 -0.9969818 -0.0776357 0 -0.9969818 -0.0776357 0.8100333 0.5785961 0.09524935 0 0.9998772 0.01567173 0 0.9998772 0.01567173 0.4075859 0.2911319 -0.8655148 -0.02526479 -0.2779116 -0.9602743 -0.02526503 -0.2779117 -0.9602743 0.9999217 0 0.01251035 0.9999218 0 0.01251035 0.08298957 0.993386 0.07935303 -0.7500056 0.02944809 0.6607756 0.5690683 -0.7966933 -0.2035706 0.5690674 -0.7966944 -0.2035689 0.9967567 0.02115726 0.07764285 0.8215688 -0.5698269 0.01794451 0.5741386 0.8130306 0.09667611 0 0.8723998 0.488793 0 0.8723998 0.488793 -0.2809891 -0.02347427 0.9594238 -0.5769799 -0.8165007 0.02051633 0.5777724 -0.8159443 0.02034729 0.581242 0.8137308 1.72721e-6 0.2911644 0.40763 -0.8654832 0.002725303 0.3070979 -0.951674 0.98861 0.08987438 0.1207174 0.5114845 0 -0.8592925 0.5114845 0 -0.8592925 0.3084349 0.9510365 0.01993656 0.3032094 0.001801848 0.9529222 0.7411726 0.6673175 0.07314819 -0.08382964 -0.9962965 0.01912587 0.3846638 -0.9230567 5.6749e-7 0.9447047 0.3148978 -0.09150111 0.9447047 0.3148977 -0.09150111 -0.1595516 0.4786585 -0.8633825 0.3149015 0.9447034 -0.0915023 -0.3144301 -0.9432924 0.1064577 -0.09053623 -0.9958931 1.22913e-6 -0.09053379 -0.9958934 4.16818e-7 0.8250087 -0.5648059 0.01884204 0.001994729 -0.9927093 0.1205165 0.5783973 0.8097543 -0.09876495 0.578397 0.8097546 -0.09876501 0.6927258 0 0.721201 0.6927258 0 0.7212011 -0.9998173 -0.005940318 0.01817059 -0.249224 0.6466124 0.7209575 -0.2492235 0.6466121 0.720958 -0.4786889 0.159447 -0.863385 1 0 0 1 0 0 0.5070686 0.04609626 -0.8606721 0.986952 0 -0.1610152 0.986952 0 -0.1610151 0.9869519 0 -0.1610151 0.986952 0 -0.1610151 -0.3040508 -0.9479745 0.09432715 0.3117673 0.9459225 0.0896207 0.001886248 -0.9971425 0.0755198 0.1327106 -0.009516716 0.9911091 0 -0.9939697 0.1096553 -0.04595351 0.5071 -0.8606613 -0.7906852 0.6121258 -0.01090216 0 0 1 0 0 1 0 0 1 0 0 1 0 0 1 0 0 1 0 0 1 0 0 1 0 0 1 0 0 1 0 0 1 -1.96027e-6 2.57707e-7 1 0 1.40906e-7 1 2.35068e-7 1.66292e-7 1 5.78286e-7 1.85475e-7 1 2.82632e-6 2.21697e-7 1 0 -0.30107 -0.953602 0 -0.30107 -0.953602 -0.5812357 0.8137353 0 0.02115541 0.996757 0.07764053 -0.8159422 -0.5777752 0.02034741 0.08383357 0.9962961 0.01912659 -0.819417 0 -0.573198 -0.8194178 0 -0.5731968 -0.04612052 0.5073315 -0.8605159 0.8137331 0.5812388 -1.79303e-7 0.8137331 0.5812388 -1.79303e-7 0 -1 0 0 -1 0 -0.9971427 0.001886248 0.07551759 -1 0 0 -1 0 0 0 -0.2943301 -0.9557038 -1.43012e-7 -0.2943319 -0.9557033 -0.07776021 -0.9913929 0.1053259 -0.07644331 -0.68875 0.7209577 -0.07644248 -0.6887488 0.7209588 -0.2492237 -0.6466114 0.7209586 -0.2492232 -0.6466111 0.7209591 -0.8111207 0.5767942 0.09691017 -0.9929863 -0.08714669 0.07989913 9.35165e-6 -1.0355e-5 -1 0 -1.72731e-5 -1 0 -1.72731e-5 -1 -9.35165e-6 -1.0355e-5 -1 -0.08031219 -0.9966027 0.0182476 -0.3162277 -0.9486833 6.83822e-7 -0.3162281 -0.9486832 7.83087e-7 -0.5767904 0.8111235 0.09690958 -0.8250079 -0.5648071 0.01884204 0.09053617 0.9958931 0 0.09053748 0.9958931 -3.07217e-7 0.9971427 -0.001886248 0.07551747 1 0 4.93574e-6 1 0 4.93575e-6 -0.578596 -0.8100332 0.09525221 0.9927095 0.001993715 0.1205155 0.3162242 0.9486845 1.56082e-6 0.3162281 0.9486832 3.90205e-7 -0.507346 0.04597622 -0.8605151 0.9432916 0.314431 0.1064617 0 1 9.25453e-7 0 1 9.25453e-7 -0.1594005 0.4785475 -0.863472 0.09023594 0.9925476 -0.08189427 0.6121233 0.7906871 -0.01090264 -0.01748985 -0.9994597 0.02783101 -0.2965463 0.006294488 0.9549978 -0.07554626 -0.2329377 0.9695529 0.9315814 -0.3105235 -0.1890269 0.9315814 -0.3105234 -0.189027 -0.6029815 0.1658149 0.7803324 -0.1821001 -0.128595 0.9748348 0.0892266 0.9814578 -0.1696446 0.08922773 0.9814573 -0.1696465 -0.6029813 -0.1658146 0.7803327 0.9432916 -0.3144309 0.1064617 0.08987134 0.9886104 0.1207173 -0.9962965 0.08382987 0.01912558 0 -0.7227026 0.6911591 0 -0.7227003 0.6911615 -0.8250079 0.5648071 0.01884192 0.2806826 -0.02361667 0.95951 0.2809891 -0.02347427 0.9594238 -0.9929863 0.08714669 0.07989871 0 0 -1 -1.49638e-7 -4.92311e-7 -1 -0.9973816 0.07152301 0.01069694 0.07644319 -0.6887488 0.7209588 0.07644313 -0.688749 0.7209587 -0.407586 0.2911319 -0.8655148 -0.3032092 0.001801729 0.9529223 -0.9966027 0.08031249 0.01824736 0 0.9939696 0.1096554 0.9939692 0 0.10966 -1 0 0 -1 0 0 0 0 -1 0.3115985 1.8564e-5 -0.9502139 -0.5783972 0.8097543 -0.09876495 -0.578397 0.8097546 -0.09876495 0 0.9403041 0.3403357 0 0.9403038 0.3403363 0 0.3010687 -0.9536024 -1.6666e-6 0.3010712 -0.9536017 -0.9315816 0.3105224 -0.1890282 -0.9315815 0.3105235 -0.1890269 -0.6305806 -0.7759189 0.01783841 0.9933859 -0.08298915 0.07935535 -0.5114846 0 -0.8592925 -0.5114846 0 -0.8592925 -0.5718147 0.3914689 0.7209578 -0.5718148 0.3914688 0.7209577 0 1 0 0 1 0 1 -1.01434e-5 -4.22917e-7 1 0 0 1 0 0 1 0 0 1 1.87989e-4 0 1 0 1.63485e-5 1 0 1.64259e-5 1 -1.55132e-5 0 1 -3.02165e-5 -1.25339e-5 1 -2.16054e-5 -6.64778e-6 1 4.42583e-7 1.36179e-7 1 3.7072e-7 1.9475e-7 1 0 0 1 0 0 1 0 0 1 0 0 1 0 0 1 3.00716e-7 0 1 0 0 1 -8.22831e-6 -5.91192e-6 1 -5.98437e-5 2.09644e-5 1 3.69117e-7 -3.58862e-7 1 0 0 1 0 8.40621e-5 1.91336e-6 -1.73946e-7 -1 0.7966946 -0.5690661 -0.203572 0.7966936 -0.5690685 -0.203569 -1 0 4.93574e-6 -1 0 4.93575e-6 -0.02526491 0.2779126 -0.9602741 -0.0252639 0.2779124 -0.9602742 6.73977e-7 -4.81413e-7 -1 0.98861 -0.08987438 0.1207174 0.0252639 0.2779124 -0.9602742 0.02526485 0.2779126 -0.9602741 0 0.7632867 0.6460599 0 0.7632867 0.6460599 -0.986952 0 -0.1610152 -0.986952 0 -0.1610151 -0.9869519 0 -0.1610151 -0.986952 0 -0.1610152 -1 8.71871e-7 3.89258e-7 -1 -2.9676e-7 2.51183e-7 -1 1.20737e-7 1.79374e-7 -1 9.9999e-6 1.57971e-6 -1 2.54835e-6 6.383e-6 -1 1.0692e-5 2.87501e-6 -1 -7.08411e-7 -8.48334e-7 0.5150046 -0.4636737 0.7209555 0.5149968 -0.463677 0.720959 0.3846794 0.9230502 0 0.3846794 0.9230502 0 0 0.6926746 0.7212502 0 0.6926746 0.7212503 -0.3105233 0.9315811 -0.1890284 -0.3105224 0.9315818 -0.189027 -0.2779123 0.0252642 -0.9602742 -0.2779104 0.02526503 -0.9602747 -1 7.0834e-7 4.85864e-6 -1 -2.35676e-6 5.8597e-6 -1 -8.57452e-6 3.61764e-6 -1 -1.09898e-5 5.09271e-6 -1 -9.23577e-7 2.93173e-7 -1 -1.20737e-7 1.79374e-7 -1 2.96759e-7 2.51183e-7 -1 -8.71872e-7 3.8926e-7 -0.9515692 -0.3068099 0.01959007 -0.9459229 0.3117657 0.08962208 -0.3162238 0.9486846 3.902e-7 -0.3162281 0.9486832 1.65837e-6 0.9447048 -0.3148975 -0.09149956 0.9447048 -0.3148978 -0.09149956 1.9969e-7 -5.99072e-7 -1 0 -0.8723998 0.488793 0 -0.8723998 0.488793 0.9814576 0.08922654 -0.1696459 0.9814577 0.08922737 -0.1696447 -0.7966936 0.5690685 -0.203569 -0.7966946 0.5690661 -0.203572 0.1594 -0.4785479 -0.8634718 -1.12206e-5 -7.99588e-7 -1 0 1.34964e-6 -1 -9.35207e-6 0 -1 -0.04401671 -0.1176631 0.9920776 0 0.9939696 0.1096554 0 0.9939696 0.1096554 0.7411726 -0.6673173 0.07314842 0 -0.8194269 -0.5731837 0 -0.8194271 -0.5731835 0 -0.5955579 -0.8033124 0 -0.6050844 -0.7961614 -0.9933859 0.08298921 0.07935506 0 0 -1 1.56552e-6 -5.21834e-7 -1 0 0.9869519 -0.1610152 0 0.9869519 -0.1610152 0 0.986952 -0.1610152 0 -1 0 0 0.8194269 -0.5731837 0 0.819427 -0.5731835 0 0.5955579 -0.8033123 0 0.529999 -0.8479983 0.5751307 0.8130012 0.09085077 0 0 -1 0 0 -1 -0.5718137 -0.3914683 0.7209589 -0.5718139 -0.3914682 0.7209588 -0.3596158 -0.9330241 0.01193535 -0.8129987 0.5751338 0.09085261 0.6251715 -0.7802616 0.01877266 -0.002724349 -0.307097 -0.9516744 -0.9515696 0.3068085 0.01959002 0 1 2.83805e-5 2.59126e-5 1 -3.08484e-7 0.8130279 -0.5741419 0.09667927 -0.5741384 -0.8130303 0.09667986 0.137322 -0.1689724 0.9760076 0.8215687 0.5698271 0.01794433 -0.9270832 0 0.3748559 -0.9270833 0 0.3748555 -0.947976 0.3040469 0.09432452 0.7500057 -0.02944791 0.6607756 0.9515692 -0.3068099 0.01959007 0 2.16069e-7 1 -6.28352e-7 0 1 -3.4091e-7 0 1 -1.85028e-7 1.30893e-7 1 1.96028e-6 2.57707e-7 1 0 0 1 0 0 1 0 0 1 0 0 1 0 0 1 0 0 1 0 0 1 0 0 1 2.16004e-7 0 1 0 9.79131e-7 1 0 8.02505e-7 1 0.1288022 -0.1818976 0.9748452 -0.384679 0.9230505 2.8374e-7 -2.68191e-7 0.3010694 -0.9536022 0 0.3010688 -0.9536024 -0.4087961 -0.1512132 -0.9000113 0.3503403 0.9365127 0.0143361 0.8164974 -0.5769845 0.02051633 -0.1373225 -0.168973 0.9760075 0.4691748 -0.5322397 0.7046955 0.9966027 -0.08031219 0.0182476 0 0.863309 -0.5046758 0 0.8633095 -0.5046749 0 0 -1 -0.8137336 0.5812379 -1.82453e-7 -0.8137331 0.5812388 0 0.173979 0.120671 0.9773279 0.02363193 0.2808474 0.9594615 -0.5149961 0.4636786 0.7209585 -0.5150027 0.4636759 0.7209556 0.005940318 -0.9998173 0.01817089 -0.3144299 0.943292 0.106462 0.6305807 -0.7759187 0.01783835 -0.478689 -0.1594471 -0.8633849 -0.9814574 0.08922755 -0.1696459 -0.9814575 0.08922731 -0.1696463 0.04401761 0.1176632 0.9920775 -0.1327111 -0.009515702 0.9911091 0.3117672 -0.9459221 0.089625 0.5769864 0.8165001 0.02034872 -0.9958934 0.09053373 0 -0.9958931 0.09053748 1.22914e-6 2.54321e-7 -3.56046e-7 -1 0.6793945 -0.06688976 0.7307181 0 -0.3225993 0.9465356 0 -0.3225993 0.9465356 1.12206e-5 0 -1 7.43698e-6 1.61956e-6 -1 0 0 -1 -0.08922666 0.9814577 -0.1696447 -0.08922773 0.9814573 -0.1696465 6.2009e-7 -0.5731474 0.8194523 0 -0.5731472 0.8194524 0 0.5731477 0.8194521 9.12585e-7 0.5731475 0.8194522 1 0 0 1 -6.8978e-7 0 1 -1.20737e-7 -1.79374e-7 1 1.02064e-5 1.28446e-6 1 2.15077e-6 6.47714e-6 1 1.0692e-5 2.79789e-6 1 -7.08403e-7 -9.25452e-7 -0.5785989 0.8100305 0.09525585 -0.4287133 -0.5350669 0.7279481 0.9994597 -0.01748979 0.02783077 0 0.5114845 -0.8592925 0 0.5114845 -0.8592926 0.2492235 0.6466121 0.7209579 0.2492237 0.6466122 0.7209579 0.3084393 -0.9510351 0.0199368 -0.1796269 0.1283048 -0.9753317 -0.1796256 0.1283052 -0.975332 -0.9969816 0 -0.07763832 -0.9969816 0 -0.07763832 0.9510362 -0.3084359 0.01993685 -0.4784994 -0.1594986 -0.8634804 0.9971427 0.001886248 0.07551747 0.5020464 0.8648398 -0.001276373 0.08715063 -0.9929857 0.07990169 0.1821012 0.1285957 0.9748345 -1.60646e-7 -1.45074e-7 -1 1.54107e-7 -1.3917e-7 -1 0 -1.3917e-7 -1 0 -1.3917e-7 -1 0 -1.3917e-7 -1 0 -1.57908e-7 -1 0.2332575 0.07520943 0.9695021 -0.8097559 -0.5783956 -0.09876197 0 -0.7632877 0.6460587 0 -0.7632877 0.6460587 0.9479761 -0.3056567 0.08896756 0.4636716 0.5149999 0.7209604 0.4636798 0.5149974 0.7209569 -0.6673175 0.7411726 0.07314866 1.55718e-7 -1.40628e-7 -1 -5.47874e-6 0 -1 0 0 -1 0 0 -1 0 0 -1 0 0 -1 -1.83927e-6 -1.64984e-7 -1 4.11655e-6 0 -1 0 0 -1 0 0 -1 0 0 -1 0 -1.57908e-7 -1 -1.39289e-6 -2.7863e-7 -1 0 0 -1 0 0 -1 0 -1.49021e-7 -1 0 0 -1 0 -1.45074e-7 -1 0 0 -1 3.79655e-7 -1.68696e-7 -1 -4.93303e-7 -1.64435e-7 -1 0 -1.45706e-7 -1 -1.8123e-7 -1.2945e-7 -1 3.89845e-6 -2.01198e-7 -1 0 0 -1 0 0 -1 0 0 -1 0 0 -1 0 0 -1 0 0 -1 0 0 -1 0 0 -1 0 0 -1 0 0 -1 -2.78631e-6 -9.44537e-6 -1 -2.36671e-6 -2.1516e-7 -1 0.4287133 -0.5350669 0.7279481 -0.6251715 -0.7802616 0.01877266 0.7421585 -0.6702243 2.64507e-7 0.7421581 -0.670225 0 0 0.7632867 0.6460599 0 0.7632867 0.6460599 0 -0.9781836 0.207742 0 -0.9781836 0.207742 -0.9432918 0.314431 0.1064606 0.9998173 -0.005940616 0.01817089 0.5777741 0.8159388 0.02051937 0.1817672 0.1287119 0.9748815 0.07554554 0.2329394 0.9695525 0.3068146 -0.9515677 0.01959031 -0.9447047 0.3148978 -0.09150093 -0.9447051 0.3148967 -0.09150099 0 0.7226932 0.6911691 0 0.7226931 0.6911691 -0.8648381 -0.5020495 -0.001273155 -0.9913921 0.07776391 0.1053303 -0.9998772 0 0.01567173 -0.9998772 0 0.01567173 0.9967567 -0.02115732 0.07764291 0.08298856 -0.9933857 0.07935744 0.2965456 -0.006294488 0.954998 0 -0.9999217 0.01251238 0 -0.9999217 0.01251238 -0.6793934 -0.0668897 0.7307192 0 -0.2577816 -0.9662032 0 -0.2577816 -0.9662033 -0.3846791 -0.9230503 0 -0.3846791 -0.9230503 0 -1.34401e-6 -1.88623e-7 -1 0.1285031 0.1819716 0.9748709 0 -0.9998772 0.01567196 0 -0.9998772 0.01567196 -0.5751306 0.8130011 0.09085142 0.4076502 0.2911299 -0.8654852 -0.22974 0.0765801 -0.9702345 -0.2297434 0.07657885 -0.9702338 -0.07644337 0.6887502 0.7209575 -0.07644313 0.6887499 0.7209578 -0.1900484 -0.6099281 0.7693305 -0.3115986 -1.85773e-5 -0.9502138 -0.07776111 0.9913923 0.1053305 0.5767899 -0.8111236 0.09691327 -0.3149015 0.9447034 -0.09150224 0 -0.6927258 0.721201 0 -0.6927258 0.7212011 0.9929863 -0.08714669 0.07989907 -0.07657939 0.2297413 -0.9702343 -0.07658052 0.2297413 -0.9702342 0.02115738 -0.9967565 0.07764518 -0.995177 -0.09798014 0.00476706 0 0.9969815 -0.07764035 0 0.9969814 -0.07764035 0.1595517 -0.4786594 -0.863382 -0.8097525 -0.5784004 -0.09876161 -0.001886248 -0.9971426 0.0755198 -0.5070697 -0.04609656 -0.8606715 0.9459229 -0.3117654 0.08962339 -0.5777735 0.8159392 0.02051937 0.02346086 0.2808272 0.9594716 -0.9886099 0.08987528 0.1207185 0.08382964 -0.9962965 0.01912587 0.1900481 -0.609928 0.7693306 -0.1821005 0.1285952 0.9748347 -0.1817667 0.1287114 0.9748817 -0.07512134 0.2329806 0.9695756 -0.07554531 0.2329385 0.9695527 0.2806835 0.02361685 0.9595098 0.3056612 -0.9479745 0.08896946 0.006294548 -0.2965463 0.9549977 0 0.5583924 -0.829577 0 0.5583924 -0.829577 0.1288033 0.1818974 0.9748451 0.3596155 0.9330242 0.01193487 0 -0.9131258 -0.407678 0 -0.9131258 -0.407678 0 0.9999565 -0.009332299 0 0.9999564 -0.009332299 0.04595345 -0.5071011 -0.8606607 0.0755465 -0.2329385 0.9695526 -0.08383357 0.9962961 0.01912659 0 -0.7632869 0.6460597 0 -0.7632869 0.6460597 0 0.5583924 -0.829577 0 0.5583924 -0.829577 -0.9486832 0.3162281 1.16912e-6 -0.9486846 0.3162239 0 0 0.2577816 -0.9662032 0 0.2577816 -0.9662033 -0.2332559 0.07521015 0.9695025 -0.2326642 0.07545626 0.9696255 -0.3149016 -0.9447037 -0.09149819 -0.8097557 0.5783954 -0.09876471 0.8097557 0.5783954 -0.09876483 0 -0.558391 -0.8295779 0 -0.558391 -0.8295779</float_array>
          <technique_common>
            <accessor source="#disposal_bin-mesh-normals-array" count="1376" stride="3">
              <param name="X" type="float"/>
              <param name="Y" type="float"/>
              <param name="Z" type="float"/>
            </accessor>
          </technique_common>
        </source>
        <source id="disposal_bin-mesh-map-0">
          <float_array id="disposal_bin-mesh-map-0-array" count="8256">0.9632985 0.6063241 0.9632617 0.6683893 0.9519541 0.6683616 0.9632985 0.6063241 0.9519541 0.6683616 0.9519901 0.6065584 0.4189907 0.7799333 0.395525 0.7878194 0.4073021 0.7760372 0.395525 0.7878194 0.4189907 0.7799333 0.4072136 0.7917156 0.03894954 0.2110691 0.03438448 0.2167667 0.03144216 0.2130465 0.5724634 0.2161967 0.5672507 0.2148188 0.5736427 0.2032297 0.7261913 0.4829989 0.7144495 0.5024268 0.7119051 0.4842976 0.5166292 0.4988921 0.5196807 0.6505345 0.5128834 0.6506221 0.4332768 0.7812321 0.4072136 0.7917156 0.4189907 0.7799333 0.4072136 0.7917156 0.4332768 0.7812321 0.4214997 0.7930143 0.9630343 0.2068625 0.9631079 0.1981031 0.9744164 0.1985918 0.4201402 0.8524684 0.3652548 0.8522957 0.3652461 0.8388809 0.3112658 0.4429354 0.302755 0.4448345 0.3027499 0.4429393 0.302755 0.4448345 0.3112658 0.4429354 0.311271 0.4448305 0.9629926 0.06217712 0.9629939 0.07616257 0.9516952 0.07653415 0.2959066 0.5483132 0.295905 0.5596841 0.2915648 0.5601468 0.2965326 0.2130466 0.3218707 0.2119418 0.3078972 0.2134928 0.3218707 0.2119418 0.2965326 0.2130466 0.2935578 0.2096719 0.3218707 0.2119418 0.2935578 0.2096719 0.3234416 0.2101971 0.3234416 0.2101971 0.2935578 0.2096719 0.3234416 0.1177777 0.3234416 0.1177777 0.2935578 0.2096719 0.2935578 0.1183028 0.3234416 0.1177777 0.2935578 0.1183028 0.2965326 0.1149282 0.3234416 0.1177777 0.2965326 0.1149282 0.3218707 0.1160328 0.3218707 0.1160328 0.2965326 0.1149282 0.3078972 0.114482 0.02926039 0.9480718 0.03356254 0.9439195 0.0395714 0.9460835 0.03356254 0.9439195 0.02926039 0.9480718 0.008515715 0.9185976 0.03356254 0.9439195 0.008515715 0.9185976 0.03082406 0.9375182 0.03082406 0.9375182 0.008515715 0.9185976 0.03286272 0.9355826 0.03286272 0.9355826 0.008515715 0.9185976 0.04268991 0.9313876 0.04268991 0.9313876 0.008515715 0.9185976 0.04472863 0.929452 0 0.8915506 0.008515715 0.9185976 0 0.9186755 0.008515715 0.9185976 0 0.8915506 0.008515834 0.8915555 0.03431165 0.9523218 0.04605275 0.9509507 0.04016244 0.9535595 0.04605275 0.9509507 0.03431165 0.9523218 0.02926039 0.9480718 0.04605275 0.9509507 0.02926039 0.9480718 0.04997307 0.9451674 0.04997307 0.9451674 0.02926039 0.9480718 0.0395714 0.9460835 0.04997307 0.9451674 0.0395714 0.9460835 0.04533088 0.9427423 0.04997307 0.9451674 0.04533088 0.9427423 0.05209445 0.9372703 0.05209445 0.9372703 0.04533088 0.9427423 0.04746711 0.9358533 0.05209445 0.9372703 0.04746711 0.9358533 0.05209434 0.8877981 0.05209434 0.8877981 0.04746711 0.9358533 0.04472863 0.929452 0.05209434 0.8877981 0.04472863 0.929452 0.008515715 0.9185976 0.05209434 0.8877981 0.008515715 0.9185976 0.008515834 0.8915555 0.05209434 0.8877981 0.008515834 0.8915555 0.008515775 0.8877727 0.0349673 0.9409883 0.04367429 0.9401172 0.03940856 0.942489 0.04367429 0.9401172 0.0349673 0.9409883 0.03286272 0.9355826 0.04367429 0.9401172 0.03286272 0.9355826 0.04505473 0.9360947 0.04505473 0.9360947 0.03286272 0.9355826 0.04268991 0.9313876 0.945014 0.5728401 0.9385761 0.662678 0.9385761 0.572839 0.9385761 0.662678 0.945014 0.5728401 0.945014 0.6626788 0.7255268 0.3315042 0.7275838 0.2456682 0.7275838 0.3308935 0.7275838 0.2456682 0.7255268 0.3315042 0.7255268 0.246279 0.7174039 0.4409338 0.5740751 0.4391024 0.7174039 0.4338584 0.5740751 0.4391024 0.7174039 0.4409338 0.5740751 0.4468142 0.9629939 0.07616257 0.9516894 0.08795481 0.9516952 0.07653415 0.3752989 0.2868657 0.5186281 0.2948592 0.3784521 0.2955408 0.3651986 0.9467703 0.3580954 0.7945932 0.3651986 0.7949766 0.9631627 0.2948616 0.9631798 0.2330635 0.9744882 0.2328249 0.6632592 0.9558572 0.6502293 0.9560472 0.6502064 0.9011588 0.5166292 0.4988921 0.5048337 0.6507565 0.5075856 0.4990433 0.9912688 0.3246567 0.9977116 0.2348181 0.9977116 0.3246567 0.9977116 0.2348181 0.9912688 0.3246567 0.9912689 0.2348181 0.1160433 0.3279747 0.2101971 0.3234416 0.2119314 0.3279747 0.2101971 0.3234416 0.1160433 0.3279747 0.1177777 0.3234415 0.9630343 0.2068625 0.9744164 0.1985918 0.9743411 0.2076278 0.5203536 0.9216856 0.4767684 0.907621 0.5203469 0.9076465 0.4767684 0.907621 0.5203536 0.9216856 0.4767749 0.9216601 0.420141 0.9310016 0.4750252 0.9174624 0.4750263 0.930616 0.5689265 0.01886206 0.5591377 0.01450055 0.5630323 0.01061028 0.2670807 0.3557183 0.2365763 0.3316574 0.2444589 0.3333378 0.7261913 0.4829989 0.7261381 0.4985305 0.7144495 0.5024268 0.9841263 0.1502525 0.9912688 0.1569908 0.9841263 0.3019281 0.5258854 0.9843356 0.5204483 0.8944962 0.5258854 0.8944969 0.5204483 0.8944962 0.5258854 0.9843356 0.5204483 0.9843348 0.9658702 0.8555434 0.9658811 0.7934263 0.9771685 0.8555474 0.1515738 0.6295272 0.2741827 0.6194296 0.3021843 0.6295272 0.2741827 0.6194296 0.1515738 0.6295272 0.1790589 0.6194296 0.5185322 0.4893011 0.37524 0.4912962 0.5185741 0.4824216 0.37524 0.4912962 0.5185322 0.4893011 0.3751943 0.4987943 0.9632596 0.572839 0.9632874 0.5811212 0.9519808 0.5817342 0.9857878 0.6581453 0.9902147 0.5734105 0.9902147 0.6586356 0.9902147 0.5734105 0.9857878 0.6581453 0.9857878 0.5729202 0.577228 0.4327109 0.5703295 0.314617 0.577228 0.2872586 0.5703295 0.314617 0.577228 0.4327109 0.5703295 0.4042212 0.6617596 0.5851897 0.6287544 0.5780017 0.6587014 0.5780017 0.6287544 0.5780017 0.6119555 0.5851896 0.6119555 0.578001 0.6119555 0.5851896 0.6287544 0.5780017 0.6617596 0.5851897 0.7853163 0.837164 0.7304441 0.88306 0.7304381 0.837342 0.6274556 0.7447506 0.6117695 0.7446569 0.6156657 0.7329683 0.6117695 0.7446569 0.6274556 0.7447506 0.6235595 0.7564392 0.9658703 0.8912785 0.9706075 0.9811173 0.9658703 0.9811173 0.9706075 0.9811173 0.9658703 0.8912785 0.9706076 0.8912786 0.7174039 0.2795029 0.5740751 0.2785772 0.5740751 0.2708653 0.5740751 0.2785772 0.7174039 0.2795029 0.7174039 0.2865784 0.3651986 0.9467703 0.3584442 0.9464049 0.3580954 0.7945932 0.5203536 0.9696087 0.4767749 0.9216601 0.5203536 0.9216856 0.4767749 0.9216601 0.5203536 0.9696087 0.4767749 0.9695832 0.4201347 0.8633918 0.3652494 0.8629658 0.3652548 0.8522957 0.4754846 0.9412481 0.4754846 0.996137 0.4646824 0.9960266 0.5773978 0.2050077 0.7206747 0.200881 0.5773611 0.2173286 0.911675 0.5378831 0.9056258 0.5379062 0.9110856 0.4829989 0.9519541 0.6626781 0.945014 0.5728401 0.9519541 0.5728393 0.945014 0.5728401 0.9519541 0.6626781 0.945014 0.6626788 1.40029e-5 0.7913858 0.008136987 0.8005359 0 0.7992509 0.008136987 0.8005359 1.40029e-5 0.7913858 0.008150577 0.7925858 0.9631782 0.2192038 0.9631627 0.2082449 0.9744691 0.2076278 0.7173979 0.454091 0.5740751 0.4468142 0.7174039 0.4409338 0.5740751 0.4468142 0.7173979 0.454091 0.5740685 0.4611545 0.6617596 0.6822163 0.6119556 0.6750283 0.6617596 0.6750283 0.6119556 0.6750283 0.6617596 0.6822163 0.6287544 0.6822159 0.6119555 0.6822169 0.6119556 0.6750283 0.6287544 0.6822159 0.3376576 0.9453015 0.3279748 0.7930142 0.3350037 0.7933669 0.5203261 0.896463 0.4768149 0.8873901 0.5203923 0.887427 0.4768149 0.8873901 0.5203261 0.896463 0.4767487 0.8964262 0.4201402 0.8524684 0.3652461 0.8388809 0.420131 0.838838 0.3078972 0.114482 0.3240835 0.1117213 0.3218707 0.1160328 0.3240835 0.1117213 0.3078972 0.114482 0.307299 0.1098584 0.2101971 0.004533171 0.2162535 0.003891289 0.2119418 0.006104052 0.2162535 0.003891289 0.2101971 0.004533171 0.2119315 0 0.3188716 0.5492047 0.3188313 0.5564606 0.3075258 0.5558112 0.5630325 0.2350578 0.5591378 0.2311698 0.5689267 0.2268061 0.9744704 0.2948849 0.9631627 0.2948616 0.9744882 0.2328249 0.3385852 0.2350578 0.3326909 0.2268061 0.342469 0.2311698 0.963015 0.1862362 0.9194359 0.1718938 0.963015 0.1718966 0.9194359 0.1718938 0.963015 0.1862362 0.9194359 0.1862334 0.008136987 0.5741119 1.40177e-5 0.5838528 0 0.5752469 1.40177e-5 0.5838528 0.008136987 0.5741119 0.008150637 0.5828109 0.5773611 0.2173286 0.7206747 0.200881 0.7206411 0.2121852 0.2047672 0.2935578 0.2128326 0.2935903 0.2091125 0.2965326 0.2128326 0.2935903 0.2047672 0.2935578 0.2061645 0.2890252 0.3424689 0.01450055 0.338585 0.01061028 0.349458 0.009508311 0.5624163 0.8049624 0.5410404 0.8107991 0.5722243 0.7772188 0.3278591 0.7259849 0.3206714 0.7556446 0.3206714 0.7259848 0.3206714 0.7556446 0.3278591 0.7259849 0.3278594 0.7556446 0.5445642 0.830693 0.5267508 0.840561 0.5280587 0.8311586 0.2791004 0.409576 0.2866376 0.4201349 0.2700678 0.4196066 0.3332518 0.04299861 0.3279748 0.04243844 0.334356 0.0308516 0.3188716 0.7537447 0.3075081 0.6587842 0.3188155 0.6584954 0.3075081 0.6587842 0.3188716 0.7537447 0.307564 0.7537435 0.338585 0.01061028 0.3468368 0.004716038 0.349458 0.009508311 0.5773978 0.2050077 0.7206858 0.1880698 0.7206747 0.200881 0.6697146 0.5851889 0.6617596 0.5780017 0.6697146 0.578001 0.6617596 0.5780017 0.6697146 0.5851889 0.6617596 0.5851897 0.2956129 0.4101559 0.2866376 0.4201349 0.2791004 0.409576 0.57741 0.1910445 0.7206858 0.1813121 0.7206858 0.1880698 0.7206858 0.1813121 0.57741 0.1910445 0.57741 0.183679 0.2803746 0.5491585 0.2803746 0.563669 0.2769572 0.5599716 0.3074865 0.7705315 0.3148888 0.7647159 0.3146598 0.77061 0.3148888 0.7647159 0.3074865 0.7705315 0.3077155 0.7646373 0.9658811 0.7934263 0.9771717 0.7886446 0.9771797 0.7931895 0.6235595 0.5037787 0.6052759 0.5064725 0.6170657 0.4946876 0.6052759 0.5064725 0.6235595 0.5037787 0.6117695 0.5155636 0.4373459 0.9411339 0.4373457 0.9847129 0.4201402 0.9847264 0.3077155 0.7646373 0.3148739 0.7588673 0.3148888 0.7647159 0.3148739 0.7588673 0.3077155 0.7646373 0.3077006 0.7587888 0.6755558 0.8140102 0.6755456 0.8056843 0.730434 0.8145262 0.2366203 0.4595965 0.2915074 0.4601604 0.236586 0.4689588 0.9152879 0.08535468 0.9081003 0.1150144 0.9080999 0.08535468 0.9081003 0.1150144 0.9152879 0.08535468 0.9152879 0.1150145 0.6429821 0.8087995 0.6212853 0.8043004 0.6097747 0.7772188 0.3443006 0.9467885 0.3443006 0.9903675 0.3279748 0.9467701 0.2365925 0.493339 0.2915648 0.5367296 0.2366732 0.5372672 0.3865224 0.7267134 0.3747453 0.6980112 0.396375 0.7191269 0.7886726 0.7582045 0.9056131 0.748077 0.9385634 0.7582045 0.9056131 0.748077 0.7886726 0.7582045 0.820687 0.748077 0.3709669 0.005283474 0.3574461 0.001179277 0.3704131 0 0.9503347 0.9655025 0.9563639 0.8796072 0.9563639 0.9648323 0.9563639 0.8796072 0.9503347 0.9655025 0.9503347 0.8802773 0.2547115 0.5424204 0.2615959 0.5486439 0.254786 0.5482942 0.2615959 0.5486439 0.2547115 0.5424204 0.2615213 0.5427701 0.97158 0.3292899 0.9819483 0.3333936 0.97158 0.4731919 0.9658765 0.8813387 0.9658702 0.8696677 0.9771757 0.8817973 0.4750475 0.8633899 0.4750247 0.8719774 0.4201402 0.8712728 0.9658702 0.8555434 0.9771685 0.8555474 0.9771689 0.8698869 0.7232177 0.884438 0.727955 0.9742767 0.7232177 0.9742767 0.727955 0.9742767 0.7232177 0.884438 0.727955 0.884438 0.5689267 0.2268061 0.5641301 0.2241805 0.5724634 0.2161967 0.3343561 0.2148188 0.3279749 0.2032297 0.3332519 0.2026718 0.5760667 0.9009597 0.5428594 0.8693789 0.5645562 0.8738781 0.8643971 0.08008974 0.87279 0.09066152 0.8478805 0.07964402 0.820687 0.748077 0.9049751 0.6931927 0.9056131 0.748077 0.9049751 0.6931927 0.820687 0.748077 0.8211899 0.6931927 0.65314 0.8568629 0.6282305 0.8678804 0.6366234 0.8573086 0.6282305 0.8678804 0.65314 0.8568629 0.6448011 0.8673794 0.2365763 0.4800958 0.29148 0.4931712 0.2365925 0.493339 0.3752989 0.2791533 0.5186221 0.2749004 0.5186281 0.2877832 0.5186221 0.2749004 0.3752989 0.2791533 0.3752923 0.2651121 0.9194455 0.2076432 0.9630346 0.2557809 0.9194555 0.2557963 0.9630346 0.2557809 0.9194455 0.2076432 0.9630244 0.2076278 0.3704133 0.2456682 0.3574463 0.2444888 0.370967 0.2403869 0.8140375 0.6931696 0.8211899 0.6931927 0.820687 0.748077 0.2935578 0.2096719 0.2965326 0.2130466 0.2890253 0.2110691 0.34174 0.593797 0.3337923 0.6009842 0.3337923 0.5937962 0.3337923 0.6009842 0.34174 0.593797 0.34174 0.6009849 0.6755456 0.8844382 0.6755583 0.838441 0.7304226 0.8842396 0.3574463 0.2444888 0.35882 0.2392826 0.370967 0.2403869 0.4201624 0.8629417 0.4750475 0.8633899 0.4201402 0.8712728 0.5427867 0.00638777 0.5306397 0.005283474 0.5441712 0.001179277 0.8655756 0.04213953 0.8603212 0.05165493 0.8490631 0.04155975 0.334356 0.0308516 0.329154 0.02947145 0.3374766 0.02148979 0.398211 0.7695434 0.3799402 0.7722346 0.3917174 0.7604523 0.3799402 0.7722346 0.398211 0.7695434 0.3864339 0.7813257 0.9631712 0.1619569 0.9744882 0.1755925 0.9631762 0.1756658 0.2830114 0.5507472 0.291543 0.5396106 0.291527 0.5507847 0.291543 0.5396106 0.2830114 0.5507472 0.2830275 0.5395731 0.1766818 0.8295807 0.2947329 0.8397256 0.1515738 0.8397256 0.2947329 0.8397256 0.1766818 0.8295807 0.2670995 0.8295806 0.7205067 0.2302728 0.5772147 0.2370429 0.7205851 0.2219825 0.342469 0.2311698 0.3326909 0.2268061 0.3374767 0.2241805 0.5773978 0.009855866 0.7206859 0.03388875 0.57741 0.02299749 0.3374766 0.02148979 0.3326908 0.01886206 0.3424689 0.01450055 0.5521485 0.009508311 0.5427867 0.00638777 0.5547805 0.004715979 0.9194424 0.1981437 0.9630214 0.1981465 0.9630343 0.2076278 0.57741 0.1910445 0.7206858 0.1880698 0.5773978 0.2050077 0.2697839 0.5481599 0.2769423 0.54239 0.2769572 0.5482385 0.2769423 0.54239 0.2697839 0.5481599 0.269769 0.5423114 0.5773611 0 0.7206411 0.01278883 0.7206747 0.02183151 0.3027461 0.4311835 0.3112658 0.4429354 0.3027499 0.4429393 0.3112658 0.4429354 0.3027461 0.4311835 0.3112621 0.4311796 0.5630323 0.01061028 0.5521485 0.009508311 0.5547805 0.004715979 0.3326908 0.01886206 0.338585 0.01061028 0.3424689 0.01450055 0.5163172 0.6515439 0.5052565 0.8036078 0.5080282 0.6518275 0.7288027 0.3231525 0.7329307 0.3340563 0.7288027 0.3345234 0.7329307 0.3340563 0.7288027 0.3231525 0.7329316 0.3226852 0.8206926 0.5379062 0.8135846 0.5378831 0.814046 0.4829989 0.3078972 0.2134928 0.3240835 0.2162535 0.307299 0.2181164 0.3240835 0.2162535 0.3078972 0.2134928 0.3218707 0.2119418 0.8643971 0.08008974 0.8478805 0.07964402 0.8432376 0.06980109 0.9891125 0.006350934 0.9935573 0.09610617 0.9891125 0.09601205 0.9935573 0.09610617 0.9891125 0.006350934 0.9935573 0.00644505 0.329154 0.02947145 0.3326908 0.01886206 0.3374766 0.02148979 0.5773978 0.009855866 0.7206747 0.02183151 0.7206859 0.03388875 0.3337923 0.6980108 0.3279748 0.6908215 0.3337923 0.6908228 0.3279748 0.6908215 0.3337923 0.6980108 0.3279748 0.6980094 0.5735031 0.8075311 0.5624163 0.8049624 0.5929207 0.7809015 0.2915074 0.4601604 0.2366796 0.4517157 0.2915648 0.4525054 0.5547807 0.2409521 0.5427869 0.2392826 0.5521486 0.236162 0.5451422 0.8493047 0.5286396 0.8498641 0.5432506 0.8400486 0.5594292 0.8688508 0.5428594 0.8693789 0.5503966 0.8588201 0.2695548 0.5540541 0.2769572 0.5482385 0.2767282 0.5541327 0.2769572 0.5482385 0.2695548 0.5540541 0.2697839 0.5481599 0.3574463 0.2444888 0.3468369 0.2409521 0.35882 0.2392826 0.2967956 0.3720716 0.3014383 0.3819145 0.2802789 0.3716259 0.5441713 0.2444888 0.5427869 0.2392826 0.5547807 0.2409521 0.02512556 0.5634832 0.04410159 0.5645382 0.03729343 0.5645511 0.1924746 0.5645382 0.2114506 0.5634832 0.1992828 0.5645511 0.2114506 0.5634832 0.1924746 0.5645382 0.04410159 0.5645382 0.2114506 0.5634832 0.04410159 0.5645382 0.02512556 0.5634832 0.2114506 0.5634832 0.02512556 0.5634832 0.01585978 0.5604293 0.2114506 0.5634832 0.01585978 0.5604293 0.2207164 0.5604293 0.2207164 0.5604293 0.01585978 0.5604293 0.008999884 0.5555512 0.2207164 0.5604293 0.008999884 0.5555512 0.2275763 0.5555512 0.2275763 0.5555512 0.008999884 0.5555512 0.00412178 0.5486912 0.2275763 0.5555512 0.00412178 0.5486912 0.2324544 0.5486913 0.2324544 0.5486913 0.00412178 0.5486912 0.001067876 0.5394256 0.2324544 0.5486913 0.001067876 0.5394256 0.2355083 0.5394256 0.2355083 0.5394256 0.001067876 0.5394256 0.2365762 0.5272576 0.2365762 0.5272576 0.001067876 0.5394256 0 0.5272576 0.2365762 0.5272576 0 0.5272576 0.2365633 0.5204494 0.2365633 0.5204494 0 0.5272576 1.28799e-5 0.5204494 0.2365633 0.5204494 1.28799e-5 0.5204494 0.2365634 0.3720765 0.2365634 0.3720765 1.28799e-5 0.5204494 1.28911e-5 0.3720764 0.2365634 0.3720765 1.28911e-5 0.3720764 0.2365763 0.3652683 0.2365763 0.3652683 1.28911e-5 0.3720764 0 0.3652682 0.2365763 0.3652683 0 0.3652682 0.2355083 0.3531003 0.2355083 0.3531003 0 0.3652682 0.001067936 0.3531003 0.2355083 0.3531003 0.001067936 0.3531003 0.2324544 0.3438346 0.2324544 0.3438346 0.001067936 0.3531003 0.00412178 0.3438346 0.2324544 0.3438346 0.00412178 0.3438346 0.008999884 0.3369747 0.2324544 0.3438346 0.008999884 0.3369747 0.2275763 0.3369747 0.2275763 0.3369747 0.008999884 0.3369747 0.01585984 0.3320965 0.2275763 0.3369747 0.01585984 0.3320965 0.2207164 0.3320966 0.2207164 0.3320966 0.01585984 0.3320965 0.02512556 0.3290427 0.2207164 0.3320966 0.02512556 0.3290427 0.2114507 0.3290427 0.2114507 0.3290427 0.02512556 0.3290427 0.03729349 0.3279748 0.2114507 0.3290427 0.03729349 0.3279748 0.04410165 0.3279877 0.2114507 0.3290427 0.1924746 0.3279877 0.1992828 0.3279748 0.1924746 0.3279877 0.2114507 0.3290427 0.04410165 0.3279877 0.3468369 0.2409521 0.3385852 0.2350578 0.3494582 0.236162 0.963015 0.2900429 0.919436 0.2900583 0.963028 0.2813779 0.5428594 0.8693789 0.5338841 0.8594 0.5503966 0.8588201 0.3494582 0.236162 0.3385852 0.2350578 0.342469 0.2311698 0.03438448 0.111208 0.03894954 0.1169056 0.03144216 0.1149282 0.657202 0.8283144 0.6425909 0.8381299 0.6406993 0.8288738 0.6425909 0.8381299 0.657202 0.8283144 0.6590906 0.8376175 0.7205851 0.2219825 0.5772147 0.2370429 0.5773001 0.2280069 0.9631762 0.1756658 0.9744882 0.1755925 0.9744654 0.1879134 0.3279748 0.9467701 0.3443006 0.9903675 0.327975 0.9903492 0.6429821 0.8087995 0.6354449 0.8193584 0.6264123 0.8093277 0.6354449 0.8193584 0.6429821 0.8087995 0.6519574 0.8187786 0.8758301 0.9361488 0.8322514 0.9033407 0.87583 0.9033662 0.8322514 0.9033407 0.8758301 0.9361488 0.8322514 0.9174776 0.8322514 0.9174776 0.8758301 0.9361488 0.852996 0.9469493 0.852996 0.9469493 0.8758301 0.9361488 0.8737087 0.9440453 0.852996 0.9469493 0.8737087 0.9440453 0.8697884 0.949828 0.852996 0.9469493 0.8697884 0.949828 0.8580473 0.951199 0.8580473 0.951199 0.8697884 0.949828 0.8638981 0.9524366 0.5641301 0.2241805 0.5672507 0.2148188 0.5724634 0.2161967 0.1515708 0.7912522 0.008150577 0.7925858 0.008158743 0.7821075 1.03073e-5 0.8804895 0.05491828 0.8869463 3.37256e-5 0.8877728 0.6755583 0.838441 0.6755602 0.8248042 0.7304366 0.8384874 0.05489552 0.8798829 0.05491828 0.8869463 1.03073e-5 0.8804895 0.254786 0.5482942 0.2604468 0.554458 0.253637 0.5541083 0.2604468 0.554458 0.254786 0.5482942 0.2615959 0.5486439 0.5672507 0.2148188 0.5683549 0.2026718 0.5736427 0.2032297 0.5432506 0.8400486 0.5267508 0.840561 0.5445642 0.830693 0.4200824 0.878503 0.3651986 0.8776358 0.3652307 0.8712937 0.3279748 0.04243844 0.329154 0.02947145 0.334356 0.0308516 0 0.1160433 0.004533231 0.2101971 0 0.2119314 0.004533231 0.2101971 0 0.1160433 0.004533231 0.1177776 0.3008574 0.40062 0.2843548 0.4000607 0.2862464 0.3908045 0.2365762 0.5521266 0.245115 0.5372749 0.2450919 0.5521343 0.245115 0.5372749 0.2365762 0.5521266 0.2365993 0.5372672 0.008161485 0.7619916 0.1515738 0.777076 0.008161485 0.769101 0.1515738 0.777076 0.008161485 0.7619916 0.1515738 0.7693271 0.3014383 0.3819145 0.2849328 0.3814489 0.2802789 0.3716259 0.4767487 0.5155932 0.441041 0.5105792 0.4697481 0.4987944 0.9329846 0.3306223 0.9332835 0.4825791 0.920605 0.3298273 0.05488538 0.8699866 0.05489552 0.8798829 1.03073e-5 0.8804895 0.5337515 0.7772189 0.5548527 0.7555797 0.5624459 0.7654367 0.7853163 0.837164 0.7853211 0.88306 0.7304441 0.88306 0.1515709 0.5859428 0.1515738 0.6002822 0.008158802 0.5937385 0.3443006 0.9904542 0.358022 0.9467702 0.358022 0.9903476 0.358022 0.9467702 0.3443006 0.9904542 0.3443006 0.9468768 0.730463 0.9481728 0.7853265 0.9387778 0.7853508 0.9475363 0.6755445 0.9533042 0.6642371 0.9531471 0.6642372 0.9390313 0.2572727 0.3279747 0.2884567 0.361555 0.2670807 0.3557183 0.2959066 0.5483132 0.2915648 0.5601468 0.2915648 0.548776 0.2866376 0.4201349 0.2534303 0.4517156 0.2649407 0.424634 0.3218707 0.2119418 0.3279748 0.2119315 0.3240835 0.2162535 0.3279748 0.2119315 0.3218707 0.2119418 0.3234416 0.2101971 0.6235595 0.7564392 0.6052759 0.7537481 0.6117695 0.7446569 0.6052759 0.7537481 0.6235595 0.7564392 0.6170657 0.7655304 0.4173416 0.9727065 0.4088169 0.8806614 0.4173328 0.8806656 0.4088169 0.8806614 0.4173416 0.9727065 0.4088257 0.9727023 0.3188155 0.6584954 0.3075249 0.6540556 0.3188323 0.6537538 0.3075249 0.6540556 0.3188155 0.6584954 0.3075081 0.6587842 0.9629756 7.57027e-5 0.9629926 0.06217712 0.9516943 0.06235784 0.6628988 0.8670591 0.6590908 0.7772197 0.6628988 0.7772189 0.6590908 0.7772197 0.6628988 0.8670591 0.6590908 0.8670583 0.7206411 0.2121852 0.7287941 0.2003641 0.7287625 0.2115474 0.7287941 0.2003641 0.7206411 0.2121852 0.7206747 0.200881 0.3014383 0.3819145 0.3027462 0.3913169 0.2849328 0.3814489 0.6429821 0.8087995 0.6264123 0.8093277 0.6212853 0.8043004 0.5163172 0.6515439 0.5182621 0.8031789 0.5126286 0.8033557 0.6287544 0.5780017 0.6119555 0.578001 0.6071009 0.5568913 0.7304382 0.9391981 0.7853265 0.9387778 0.730463 0.9481728 0.3193349 0.6317748 0.3193349 0.4799202 0.3279748 0.4869031 0.3468369 0.2409521 0.3494582 0.236162 0.35882 0.2392826 0.05491828 0.8113422 0.05488866 0.8568312 3.61351e-6 0.8569759 0.4697481 0.7930143 0.4332768 0.7812321 0.441041 0.7812321 0.4332768 0.7812321 0.4697481 0.7930143 0.4214997 0.7930143 0.5445642 0.830693 0.5280587 0.8311586 0.5492181 0.8208699 0.9118626 0.3292899 0.9221013 0.4818615 0.914292 0.4813821 0.9658702 0.6382846 0.9791592 0.6929674 0.9658702 0.6931696 0.5312044 0.2456681 0.5306398 0.2403869 0.5441713 0.2444888 0.3917174 0.5313589 0.376044 0.5312626 0.3799402 0.5195741 0.376044 0.5312626 0.3917174 0.5313589 0.3878211 0.5430476 0.3464977 0.9457643 0.3350037 0.7933669 0.3448821 0.7938843 0.56413 0.02148979 0.5591377 0.01450055 0.5689265 0.01886206 0.9857878 0.4830061 0.9943034 0.5726615 0.9857878 0.5726672 0.9943034 0.5726615 0.9857878 0.4830061 0.9943034 0.4829989 0.582 0.482999 0.5624459 0.4947838 0.5337515 0.4829989 0.5624459 0.4947838 0.582 0.482999 0.5702101 0.4947838 0.986287 0.9302503 0.9948033 0.8450235 0.9948033 0.9302486 0.9948033 0.8450235 0.986287 0.9302503 0.986287 0.8450238 0.5265084 0.6585341 0.5226169 0.6556553 0.5265083 0.6513465 0.5226169 0.6556553 0.5265084 0.6585341 0.5226169 0.7512515 0.5226169 0.7512515 0.5265084 0.6585341 0.5264251 0.7483735 0.5264251 0.7483735 0.5265084 0.6585341 0.5265084 0.7483727 0.5226169 0.7512515 0.5264251 0.7483735 0.5265083 0.7555603 0.7173979 0.2666221 0.5740751 0.2708653 0.5740686 0.2568262 0.5740751 0.2708653 0.7173979 0.2666221 0.7174039 0.2795029 0.3193348 0.6339321 0.3278594 0.631779 0.3278506 0.6339362 0.3278594 0.631779 0.3193348 0.6339321 0.3193435 0.6317748 0.9629886 0.08737146 0.951677 0.09661984 0.9516894 0.08795481 0.9629756 7.57027e-5 0.9516943 0.06235784 0.951677 0 0.7255233 0.2677809 0.7174039 0.2795029 0.7173979 0.2666221 0.7174039 0.2795029 0.7255233 0.2677809 0.7255268 0.2805236 0.6014366 0.935885 0.6257836 0.9189282 0.6376494 0.9250726 0.6257836 0.9189282 0.6014366 0.935885 0.6237449 0.9169902 0.6237449 0.9169902 0.6014366 0.935885 0.6221812 0.9064347 0.6376494 0.9250726 0.6257836 0.9189282 0.6356107 0.9231346 0.6237449 0.9169902 0.6221812 0.9064347 0.6264833 0.910592 0.6264833 0.910592 0.6221812 0.9064347 0.6324923 0.9084351 0.6014367 0.9629272 0.6450152 0.966735 0.6014367 0.9667098 0.6450152 0.966735 0.6014367 0.9629272 0.6376494 0.9250726 0.6450152 0.966735 0.6376494 0.9250726 0.6450152 0.9172627 0.6376494 0.9250726 0.6014367 0.9629272 0.5929208 0.9629223 0.6376494 0.9250726 0.5929208 0.9629223 0.6014366 0.935885 0.6450152 0.9172627 0.6376494 0.9250726 0.6403879 0.9186744 0.6450152 0.9172627 0.6403879 0.9186744 0.6382517 0.9117829 0.6450152 0.9172627 0.6382517 0.9117829 0.6428939 0.9093631 0.6428939 0.9093631 0.6382517 0.9117829 0.6324923 0.9084351 0.6428939 0.9093631 0.6324923 0.9084351 0.6389735 0.9035754 0.6389735 0.9035754 0.6324923 0.9084351 0.6221812 0.9064347 0.6389735 0.9035754 0.6221812 0.9064347 0.6272324 0.9021906 0.6389735 0.9035754 0.6272324 0.9021906 0.6330832 0.9009597 0.6257836 0.9189282 0.6379756 0.9184302 0.6356107 0.9231346 0.6379756 0.9184302 0.6257836 0.9189282 0.6278881 0.9135249 0.6379756 0.9184302 0.6278881 0.9135249 0.6365951 0.914406 0.6365951 0.914406 0.6278881 0.9135249 0.6323294 0.9120294 0.5929208 0.9357974 0.6014366 0.935885 0.5929208 0.9629223 0.3027462 0.3913169 0.3008574 0.40062 0.2862464 0.3908045 0.920605 0.3298273 0.9221013 0.4818615 0.9118626 0.3292899 0.5203469 0.9076465 0.4767487 0.896463 0.5203273 0.8964886 0.4767487 0.896463 0.5203469 0.9076465 0.4767684 0.907621 0.1422357 0.9144504 0.1335287 0.9135693 0.1379699 0.9120739 0.1335287 0.9135693 0.1422357 0.9144504 0.1314241 0.9189721 0.1314241 0.9189721 0.1422357 0.9144504 0.1436161 0.9184743 0.1314241 0.9189721 0.1436161 0.9184743 0.1412513 0.9231783 0.1446141 0.9036207 0.132873 0.9022359 0.1387238 0.9010052 0.132873 0.9022359 0.1446141 0.9036207 0.1278218 0.9064797 0.1278218 0.9064797 0.1446141 0.9036207 0.1485344 0.909408 0.1278218 0.9064797 0.1485344 0.909408 0.1381328 0.9084799 0.1381328 0.9084799 0.1485344 0.909408 0.1438922 0.9118275 0.1438922 0.9118275 0.1485344 0.909408 0.1506558 0.9173069 0.1438922 0.9118275 0.1506558 0.9173069 0.1460285 0.9187184 0.1460285 0.9187184 0.1506558 0.9173069 0.1506558 0.966775 0.1460285 0.9187184 0.1506558 0.966775 0.14329 0.9251161 0.14329 0.9251161 0.1506558 0.966775 0.1070772 0.9359273 0.1070772 0.9359273 0.1506558 0.966775 0.1070773 0.9629673 0.1070773 0.9629673 0.1506558 0.966775 0.1070773 0.9667496 0.1070772 0.9359273 0.09856146 0.9629623 0.0985614 0.9358397 0.09856146 0.9629623 0.1070772 0.9359273 0.1070773 0.9629673 0.1278218 0.9064797 0.1321239 0.9106366 0.1070772 0.9359273 0.1321239 0.9106366 0.1278218 0.9064797 0.1381328 0.9084799 0.1070772 0.9359273 0.1321239 0.9106366 0.1293854 0.9170343 0.1070772 0.9359273 0.1293854 0.9170343 0.1314241 0.9189721 0.1070772 0.9359273 0.1314241 0.9189721 0.1412513 0.9231783 0.1070772 0.9359273 0.1412513 0.9231783 0.14329 0.9251161 0.9375597 0.9033524 0.9375597 0.9469298 0.9194087 0.9033408 0.977189 0.6931697 0.9858244 0.7001517 0.977189 0.8450236 0.4373459 0.9411338 0.4508041 0.9413367 0.4379912 0.9960311 0.2866376 0.4201349 0.2649407 0.424634 0.2700678 0.4196066 0.4073021 0.7760372 0.3864339 0.7813257 0.398211 0.7695434 0.3864339 0.7813257 0.4073021 0.7760372 0.395525 0.7878194 0.02007758 0.2134927 0.03438448 0.2167667 0.02067583 0.2181164 0.3075249 0.6540556 0.3074883 0.5919905 0.3188323 0.6537538 0.5265083 0.7555603 0.5264251 0.7483735 0.5265084 0.7483727 0.5163172 0.6515439 0.5126286 0.8033557 0.5052565 0.8036078 0.9397325 0.3310599 0.9397325 0.4829989 0.9329846 0.3306223 0.3865224 0.7267134 0.3747453 0.7462598 0.3747453 0.6980112 0.3747453 0.7462598 0.3865224 0.7267134 0.3865224 0.7344776 0.3188323 0.6537538 0.3074883 0.5919905 0.3187965 0.5919217 0.9631798 0.2330635 0.9631782 0.2192038 0.9744856 0.2187858 0.9935573 0.006350934 1 0.09618961 0.9935573 0.09618961 1 0.09618961 0.9935573 0.006350934 1 0.006350934 0.3784521 0.4410053 0.5186281 0.2948592 0.5186281 0.4421516 0.5186281 0.2948592 0.3784521 0.4410053 0.3784521 0.2955408 0.3161264 0.3280976 0.3181606 0.4176359 0.3161264 0.4177587 0.3181606 0.4176359 0.3161264 0.3280976 0.3181606 0.3279747 0.307403 0.6525278 0.303595 0.7423672 0.303595 0.6525271 0.303595 0.7423672 0.307403 0.6525278 0.307403 0.7423665 0.8070067 0.2064485 0.8108149 0.2039099 0.8238057 0.2134494 0.8108149 0.2039099 0.8070067 0.2064485 0.8108149 0.1187752 0.8238057 0.2134494 0.8108149 0.2039099 0.8245675 0.2096412 0.8070067 0.1162366 0.8108149 0.1187752 0.8070067 0.2064485 0.8108149 0.1187752 0.8070067 0.1162366 0.8238057 0.1092357 0.8108149 0.1187752 0.8238057 0.1092357 0.8245675 0.1130439 0.7912842 0 0.7288028 0.01423287 0.7288028 0 0.7288028 0.01423287 0.7912842 0 0.7770512 0.01423281 0.7770512 0.01423281 0.7912842 0 0.7913373 0.01553159 0.7913373 0.01553159 0.7912842 0 0.8055703 0.001298666 0.7913373 0.01553159 0.8055703 0.001298666 0.803026 0.01942777 0.803026 0.01942777 0.8055703 0.001298666 0.8121171 0.0259214 0.8121171 0.0259214 0.8055703 0.001298666 0.8172589 0.005194842 0.8121171 0.0259214 0.8172589 0.005194842 0.8186108 0.03501254 0.8186108 0.03501254 0.8172589 0.005194842 0.82635 0.01168853 0.8186108 0.03501254 0.82635 0.01168853 0.822507 0.04670113 0.822507 0.04670113 0.82635 0.01168853 0.8238057 0.06098723 0.8238057 0.06098723 0.82635 0.01168853 0.8238057 0.1092357 0.8238057 0.1092357 0.82635 0.01168853 0.8245675 0.1130439 0.8245675 0.1130439 0.82635 0.01168853 0.8363465 0.1130438 0.8363465 0.1130438 0.82635 0.01168853 0.8328437 0.02077966 0.8363465 0.1130438 0.8328437 0.02077966 0.8367399 0.03246825 0.8363465 0.1130438 0.8367399 0.03246825 0.8381217 0.1150096 0.8381217 0.1150096 0.8367399 0.03246825 0.8380386 0.1092357 0.8380386 0.1092357 0.8367399 0.03246825 0.8380386 0.04675436 0.8381217 0.1150096 0.8380386 0.1092357 0.8419299 0.1135445 0.8381217 0.1150096 0.8419299 0.1135445 0.8381217 0.2076755 0.7288028 0.3084524 0.7912842 0.3226852 0.7288028 0.3226853 0.7912842 0.3226852 0.7288028 0.3084524 0.7770513 0.3084523 0.7912842 0.3226852 0.7770513 0.3084523 0.7913373 0.3071536 0.7912842 0.3226852 0.7913373 0.3071536 0.8055703 0.3213864 0.8055703 0.3213864 0.7913373 0.3071536 0.803026 0.3032574 0.8055703 0.3213864 0.803026 0.3032574 0.8121172 0.2967637 0.8055703 0.3213864 0.8121172 0.2967637 0.8172589 0.3174902 0.8172589 0.3174902 0.8121172 0.2967637 0.8186108 0.2876726 0.8172589 0.3174902 0.8186108 0.2876726 0.82635 0.3109965 0.82635 0.3109965 0.8186108 0.2876726 0.822507 0.275984 0.82635 0.3109965 0.822507 0.275984 0.8238057 0.2616979 0.82635 0.3109965 0.8238057 0.2616979 0.8238057 0.2134494 0.82635 0.3109965 0.8238057 0.2134494 0.8245675 0.2096412 0.82635 0.3109965 0.8245675 0.2096412 0.8363465 0.2096412 0.82635 0.3109965 0.8363465 0.2096412 0.8328437 0.3019055 0.8328437 0.3019055 0.8363465 0.2096412 0.8367399 0.2902168 0.8367399 0.2902168 0.8363465 0.2096412 0.8381217 0.2076755 0.8367399 0.2902168 0.8381217 0.2076755 0.8380386 0.2134494 0.8380386 0.2134494 0.8381217 0.2076755 0.8419299 0.2091405 0.8419299 0.2091405 0.8381217 0.2076755 0.8419299 0.1135445 0.8380386 0.2759308 0.8367399 0.2902168 0.8380386 0.2134494 0.1177777 0.3234415 0.2119418 0.3218707 0.2101971 0.3234416 0.2119418 0.3218707 0.1177777 0.3234415 0.1160329 0.3218707 0.2119418 0.3218707 0.1160329 0.3218707 0.2134927 0.3078972 0.2134927 0.3078972 0.1160329 0.3218707 0.114482 0.3078972 0.2134927 0.3078972 0.114482 0.3078972 0.2091125 0.2965326 0.2091125 0.2965326 0.114482 0.3078972 0.1188623 0.2965326 0.2091125 0.2965326 0.1188623 0.2965326 0.2047672 0.2935578 0.2047672 0.2935578 0.1188623 0.2965326 0.1232075 0.2935578 0.9629939 0.07616257 0.9629886 0.08737146 0.9516894 0.08795481 0.09852427 0.8188359 0.05492413 0.8286393 0.05494564 0.8188604 0.05492413 0.8286393 0.09852427 0.8188359 0.09850275 0.8286148 0.526751 0.4997977 0.5337515 0.4829989 0.5624459 0.4947838 0.6755583 0.838441 0.7304366 0.8384874 0.7304226 0.8842396 0.5258853 0.8046568 0.5204409 0.8944962 0.5204409 0.8046575 0.5204409 0.8944962 0.5258853 0.8046568 0.5258853 0.8944954 0.1515738 0.6002822 0.008161485 0.6068948 0.008158802 0.5937385 0.2956129 0.4101559 0.2791004 0.409576 0.2843548 0.4000607 0.4201402 0.7933075 0.475054 0.8388348 0.4201691 0.8388556 0.5080282 0.6518275 0.5052565 0.8036078 0.4957067 0.8039507 0.2134928 0.02007752 0.2162535 0.003891289 0.2181164 0.02067577 0.2162535 0.003891289 0.2134928 0.02007752 0.2119418 0.006104052 0.1232076 0.03441697 0.2091125 0.03144216 0.2047672 0.03441697 0.2091125 0.03144216 0.1232076 0.03441697 0.1188623 0.03144216 0.2091125 0.03144216 0.1188623 0.03144216 0.2134928 0.02007752 0.2134928 0.02007752 0.1188623 0.03144216 0.1144821 0.02007752 0.2134928 0.02007752 0.1144821 0.02007752 0.2119418 0.006104052 0.2119418 0.006104052 0.1144821 0.02007752 0.1160329 0.006104052 0.2119418 0.006104052 0.1160329 0.006104052 0.2101971 0.004533171 0.2101971 0.004533171 0.1160329 0.006104052 0.1177777 0.004533171 0.8933001 0.3305318 0.9038254 0.330092 0.8916367 0.4822167 0.2769572 0.5491585 0.281989 0.5372672 0.2819849 0.5486375 0.6755003 0.9751486 0.664195 0.9744974 0.664223 0.9649587 0.006104052 0.2119418 0.03144216 0.2130465 0.02007758 0.2134927 0.03144216 0.2130465 0.006104052 0.2119418 0.03441697 0.2096719 0.03441697 0.2096719 0.006104052 0.2119418 0.004533231 0.2101971 0.03441697 0.2096719 0.004533231 0.2101971 0.004533231 0.1177776 0.03441697 0.2096719 0.004533231 0.1177776 0.03441697 0.1183028 0.03441697 0.1183028 0.004533231 0.1177776 0.03144216 0.1149282 0.03144216 0.1149282 0.004533231 0.1177776 0.006104052 0.1160328 0.03144216 0.1149282 0.006104052 0.1160328 0.02007764 0.1144819 2.36556e-5 0.7810197 0.008150577 0.7925858 1.40029e-5 0.7913858 0.008150577 0.7925858 2.36556e-5 0.7810197 0.008158743 0.7821075 0.4201723 0.8522701 0.4750576 0.8524649 0.4750475 0.8633899 0.5492181 0.8208699 0.5280587 0.8311586 0.5327014 0.8213157 0.4073021 0.5157741 0.3864339 0.5104829 0.395525 0.5039892 0.3864339 0.5104829 0.4073021 0.5157741 0.398211 0.5222678 0.9631762 0.1756658 0.9744654 0.1879134 0.9631552 0.1877028 0.9038254 0.330092 0.9118626 0.3297495 0.9010679 0.4818225 0.4201723 0.8522701 0.4750475 0.8633899 0.4201624 0.8629417 0.3878211 0.7487637 0.3747453 0.7462598 0.3865224 0.7344776 0.3747453 0.7462598 0.3878211 0.7487637 0.376044 0.7605459 0.9744882 0.1502525 0.9744881 0.006350934 0.9848521 0.01045382 0.9385759 0.5480335 0.790057 0.6931697 0.7886726 0.5480335 0.790057 0.6931697 0.9385759 0.5480335 0.9374413 0.6931697 0.8798162 0.3310881 0.8794361 0.4827202 0.872648 0.4829989 0.6079747 0.772024 0.5844962 0.7641379 0.5961847 0.7602418 0.5844962 0.7641379 0.6079747 0.772024 0.5962861 0.7759202 0.6287544 0.5780017 0.6071009 0.5568913 0.6169644 0.5493025 0.9631366 0.09754991 0.9743468 0.006350934 0.9744487 0.09703791 0.9743468 0.006350934 0.9631366 0.09754991 0.9630343 0.006585955 0.920605 0.3298273 0.9332835 0.4825791 0.9221013 0.4818615 0.6755602 0.8248042 0.6755558 0.8140102 0.7304382 0.8250688 0.5962861 0.7759202 0.5702101 0.7654367 0.5844962 0.7641379 0.5702101 0.7654367 0.5962861 0.7759202 0.582 0.7772189 0.4173328 0.8806656 0.4088257 0.878503 0.4173416 0.8785072 0.4088257 0.878503 0.4173328 0.8806656 0.4088169 0.8806614 0.4201155 0.8719761 0.3652307 0.8712937 0.4201347 0.8633918 0.3188053 0.5659956 0.3075258 0.5558112 0.3188313 0.5564606 0.9038254 0.330092 0.9010679 0.4818225 0.8916367 0.4822167 0.8608872 0.2761464 0.8625549 0.1244062 0.8732103 0.1240239 0.4768636 0.8643907 0.5204235 0.8504643 0.520441 0.8644276 0.5204235 0.8504643 0.4768636 0.8643907 0.4768461 0.8504275 0.5186221 0.4623849 0.5267313 0.4724857 0.518604 0.4734497 0.5267313 0.4724857 0.5186221 0.4623849 0.5267475 0.4615394 0.8486859 0.2765981 0.8625549 0.1244062 0.8608872 0.2761464 0.7304382 0.926648 0.785359 0.8830601 0.785326 0.9264464 0.09850275 0.8286148 0.05491828 0.840699 0.05492413 0.8286393 0.05491828 0.840699 0.09850275 0.8286148 0.09849691 0.8406746 0.1515709 0.5859428 0.008158802 0.5937385 0.008150637 0.5828109 0.5740159 0.4829989 0.5740488 0.4732161 0.7173497 0.4741328 0.1515738 0.777076 0.1515708 0.7912522 0.008158743 0.7821075 0.3161264 0.3279748 0.3096789 0.4178144 0.3096789 0.3279758 0.3096789 0.4178144 0.3161264 0.3279748 0.3161264 0.4178135 0.6755558 0.8140102 0.730434 0.8145262 0.7304382 0.8250688 0.6755294 0.9653658 0.664223 0.9649587 0.6642371 0.9531471 0.3111506 0.9282498 0.3249219 0.9280566 0.32418 0.9829537 0.8933001 0.3305318 0.8916367 0.4822167 0.8794361 0.4827202 0.2959065 0.5487758 0.3002455 0.5483132 0.2959065 0.5601466 0.1218103 0.03894954 0.2047672 0.03441697 0.2061645 0.03894954 0.2047672 0.03441697 0.1218103 0.03894954 0.1232076 0.03441697 0.5773001 0.2280069 0.7206411 0.2121852 0.7205851 0.2219825 0.7206411 0.2121852 0.5773001 0.2280069 0.5773611 0.2173286 0.5503966 0.8588201 0.5338841 0.8594 0.5451422 0.8493047 0.4697481 0.4987944 0.4332768 0.5105792 0.4214997 0.4987943 0.4332768 0.5105792 0.4697481 0.4987944 0.441041 0.5105792 0.7174039 0.4338584 0.577228 0.2872586 0.7174039 0.2865784 0.577228 0.2872586 0.7174039 0.4338584 0.577228 0.4327109 0.3187938 0.5778055 0.3074989 0.5655902 0.3188053 0.5659956 0.5816066 0.9244366 0.592916 0.9108157 0.5929208 0.9239574 0.7206859 0.04064643 0.58052 0.04068881 0.57741 0.03036296 0.9658704 0.8796072 0.9385635 0.7897671 0.9658704 0.7897672 0.9385635 0.7897671 0.9658704 0.8796072 0.9385635 0.8796072 0.003891348 0.1117212 0.02007764 0.1144819 0.006104052 0.1160328 0.02007764 0.1144819 0.003891348 0.1117212 0.02067589 0.1098583 0.8797352 0.0270816 0.8746082 0.0321089 0.8580384 0.03158068 0.4697481 0.7930143 0.441041 0.7812321 0.4486231 0.7713751 0.04948896 0.3239584 0.1098584 0.307299 0.1117213 0.3240835 0.1098584 0.307299 0.04948896 0.3239584 0.03540623 0.3228538 0.1098584 0.307299 0.03540623 0.3228538 0.02394366 0.3191773 0.1098584 0.307299 0.02394366 0.3191773 0.01507282 0.3129019 0.1098584 0.307299 0.01507282 0.3129019 0.06382071 0.3064933 0.06382071 0.3064933 0.01507282 0.3129019 0.008797466 0.3040311 0.06382071 0.3064933 0.008797466 0.3040311 0.05022603 0.3053978 0.05022603 0.3053978 0.008797466 0.3040311 0.03962582 0.30198 0.03962582 0.30198 0.008797466 0.3040311 0.005120933 0.2925685 0.03962582 0.30198 0.005120933 0.2925685 0.03163886 0.2963359 0.03163886 0.2963359 0.005120933 0.2925685 0.02599477 0.2883489 0.02599477 0.2883489 0.005120933 0.2925685 0.004016339 0.2784858 0.02599477 0.2883489 0.004016339 0.2784858 0.02257698 0.2777488 0.02257698 0.2777488 0.004016339 0.2784858 0.003891289 0.2162535 0.02257698 0.2777488 0.003891289 0.2162535 0.02148145 0.264154 0.02148145 0.264154 0.003891289 0.2162535 0.02067583 0.2181164 0.9002171 0.1183778 0.8874033 0.1237409 0.8775953 0.09599727 0.3917174 0.7604523 0.376044 0.7605459 0.3878211 0.7487637 0.376044 0.7605459 0.3917174 0.7604523 0.3799402 0.7722346 0.8630453 0.2768513 0.8622636 0.3317477 0.8483701 0.2770149 0.8608872 0.2761464 0.8732103 0.1240239 0.8704385 0.2758041 0.5427867 0.00638777 0.3709669 0.005283474 0.5306397 0.005283474 0.3709669 0.005283474 0.5427867 0.00638777 0.3588198 0.00638777 0.3588198 0.00638777 0.5427867 0.00638777 0.5521485 0.009508311 0.3588198 0.00638777 0.5521485 0.009508311 0.349458 0.009508311 0.349458 0.009508311 0.5521485 0.009508311 0.5591377 0.01450055 0.349458 0.009508311 0.5591377 0.01450055 0.3424689 0.01450055 0.3424689 0.01450055 0.5591377 0.01450055 0.56413 0.02148979 0.3424689 0.01450055 0.56413 0.02148979 0.3374766 0.02148979 0.3374766 0.02148979 0.56413 0.02148979 0.5672506 0.03085154 0.3374766 0.02148979 0.5672506 0.03085154 0.334356 0.0308516 0.334356 0.0308516 0.5672506 0.03085154 0.5683548 0.04299855 0.334356 0.0308516 0.5683548 0.04299855 0.3332518 0.04299861 0.3332518 0.04299861 0.5683548 0.04299855 0.5683549 0.2026718 0.3332518 0.04299861 0.5683549 0.2026718 0.3332519 0.2026718 0.3332519 0.2026718 0.5683549 0.2026718 0.5672507 0.2148188 0.3332519 0.2026718 0.5672507 0.2148188 0.3343561 0.2148188 0.3343561 0.2148188 0.5672507 0.2148188 0.5641301 0.2241805 0.3343561 0.2148188 0.5641301 0.2241805 0.3374767 0.2241805 0.3374767 0.2241805 0.5641301 0.2241805 0.5591378 0.2311698 0.3374767 0.2241805 0.5591378 0.2311698 0.342469 0.2311698 0.342469 0.2311698 0.5591378 0.2311698 0.5521486 0.236162 0.342469 0.2311698 0.5521486 0.236162 0.3494582 0.236162 0.3494582 0.236162 0.5521486 0.236162 0.5427869 0.2392826 0.3494582 0.236162 0.5427869 0.2392826 0.35882 0.2392826 0.35882 0.2392826 0.5427869 0.2392826 0.5306398 0.2403869 0.35882 0.2392826 0.5306398 0.2403869 0.370967 0.2403869 0.872648 0.3313828 0.8798162 0.3310881 0.872648 0.4829989 0.5337515 0.7772189 0.526751 0.7604201 0.5548527 0.7555797 0.7191673 0.884438 0.7232177 0.9742767 0.7191673 0.9742767 0.7232177 0.9742767 0.7191673 0.884438 0.7232177 0.884438 0.9080998 0.0852251 0.951677 1.29558e-4 0.951677 0.08535468 0.951677 1.29558e-4 0.9080998 0.0852251 0.9080998 0 0.58052 0.1796089 0.7206859 0.04064643 0.7206858 0.1813121 0.7206859 0.04064643 0.58052 0.1796089 0.58052 0.04068881 0.9658702 0.6382846 0.9798822 0.6380711 0.9791592 0.6929674 0.09850674 0.8550152 0.05498278 0.9029667 0.05492812 0.8550396 0.05498278 0.9029667 0.09850674 0.8550152 0.0985614 0.9029422 0.4838923 0.6527106 0.4767486 0.8046568 0.4767486 0.6529779 0.3752989 0.4551169 0.5186221 0.4623849 0.3752923 0.4694575 0.5186221 0.4623849 0.3752989 0.4551169 0.5186281 0.4492276 0.582 0.7772189 0.5624459 0.7654367 0.5702101 0.7654367 0.5624459 0.7654367 0.582 0.7772189 0.5337515 0.7772189 0.307403 0.7568743 0.3039849 0.7531794 0.307403 0.7423672 0.4697481 0.7930143 0.4486231 0.7713751 0.4767487 0.7762156 0.398211 0.5222678 0.3799402 0.5195741 0.3864339 0.5104829 0.3799402 0.5195741 0.398211 0.5222678 0.3917174 0.5313589 0.7206858 0.1880698 0.7288028 0.03515595 0.7288028 0.18769 0.7288028 0.03515595 0.7206858 0.1880698 0.7206859 0.04064643 0.7288028 0.03515595 0.7206859 0.04064643 0.7206859 0.03388875 0.3279748 0.3279747 0.3279748 0.4830715 0.3279748 0.4759621 0.3187938 0.5778055 0.3074864 0.57765 0.3074989 0.5655902 0.963106 0.1028809 0.9744487 0.09703791 0.9744181 0.1023564 0.1117213 0.3240835 0.1177777 0.3234415 0.1160433 0.3279747 0.1177777 0.3234415 0.1117213 0.3240835 0.1160329 0.3218707 0.91229 0.1253342 0.9194359 0.2773846 0.9126493 0.2770384 3.06468e-5 0.8113378 0.05491828 0.8113422 3.61351e-6 0.8569759 0.2884567 0.361555 0.271886 0.3610541 0.2670807 0.3557183 0.8888518 0.1241282 0.8989534 0.1246512 0.9005883 0.2764206 0.4332768 0.5105792 0.4072136 0.5000931 0.4214997 0.4987943 0.4072136 0.5000931 0.4332768 0.5105792 0.4189907 0.511878 0.9757619 0.4829989 0.9857878 0.4870048 0.9757618 0.6268376 0.7287941 0.02322793 0.7206411 0.01278883 0.7287625 0.01428216 0.7206411 0.01278883 0.7287941 0.02322793 0.7206747 0.02183151 0.2789469 0.5645615 0.2795349 0.6194401 0.2741827 0.6194296 0.7206747 0.200881 0.7288028 0.18769 0.7287941 0.2003641 0.7288028 0.18769 0.7206747 0.200881 0.7206858 0.1880698 0.9631712 0.1619569 0.9744848 0.1616291 0.9744882 0.1755925 0.2884567 0.361555 0.2967956 0.3720716 0.271886 0.3610541 0.396375 0.7191269 0.3747453 0.6980112 0.3915442 0.6980122 0.9631552 0.1877028 0.9744164 0.1985918 0.9631079 0.1981031 0.9715801 0.4812808 0.961698 0.3364828 0.9715801 0.3292899 0.6642139 0.8772043 0.6755393 0.872173 0.6755215 0.876904 0.9631552 0.1877028 0.9744654 0.1879134 0.9744164 0.1985918 0.3111506 0.9831382 0.3111506 0.9282498 0.32418 0.9829537 0.6212853 0.8043004 0.610379 0.8075521 0.5929207 0.7855373 0.8704385 0.2758041 0.8732103 0.1240239 0.8815026 0.1237409 0.004016399 0.04948896 0.02067589 0.1098583 0.003891348 0.1117212 0.02067589 0.1098583 0.004016399 0.04948896 0.02148145 0.06382071 0.02148145 0.06382071 0.004016399 0.04948896 0.02257698 0.05022591 0.02257698 0.05022591 0.004016399 0.04948896 0.02599477 0.03962582 0.02599477 0.03962582 0.004016399 0.04948896 0.005120992 0.03540623 0.02599477 0.03962582 0.005120992 0.03540623 0.03163892 0.0316388 0.03163892 0.0316388 0.005120992 0.03540623 0.008797466 0.0239436 0.03163892 0.0316388 0.008797466 0.0239436 0.03962582 0.02599471 0.03962582 0.02599471 0.008797466 0.0239436 0.05022603 0.02257698 0.05022603 0.02257698 0.008797466 0.0239436 0.01507282 0.01507276 0.05022603 0.02257698 0.01507282 0.01507276 0.06382077 0.02148139 0.06382077 0.02148139 0.01507282 0.01507276 0.1098585 0.02067577 0.1098585 0.02067577 0.01507282 0.01507276 0.1117213 0.003891289 0.1117213 0.003891289 0.01507282 0.01507276 0.02394366 0.008797347 0.1117213 0.003891289 0.02394366 0.008797347 0.03540629 0.005120933 0.1117213 0.003891289 0.03540629 0.005120933 0.04948902 0.00401628 0.3188053 0.5659956 0.3074989 0.5655902 0.3075258 0.5558112 0.2536309 0.5631116 0.2451209 0.5513528 0.2536369 0.5513558 0.2451209 0.5513528 0.2536309 0.5631116 0.245115 0.5631085 0.3187965 0.5919217 0.3074883 0.5919905 0.3074864 0.57765 0.4768532 0.8767116 0.520441 0.8644276 0.5204306 0.8767485 0.520441 0.8644276 0.4768532 0.8767116 0.4768636 0.8643907 0.6755026 0.7772216 0.6642318 0.8724602 0.664195 0.7772189 0.6642318 0.8724602 0.6755026 0.7772216 0.6755393 0.872173 0 0.1160433 0.006104052 0.1160328 0.004533231 0.1177776 0.006104052 0.1160328 0 0.1160433 0.003891348 0.1117212 0.2915648 0.4574471 0.3053174 0.5483132 0.2915648 0.5425819 0.3053174 0.5483132 0.2915648 0.4574471 0.3053174 0.4517157 0.3053174 0.5483132 0.3053174 0.4517157 0.3170964 0.5483132 0.3170964 0.5483132 0.3053174 0.4517157 0.3170964 0.4517157 0.3170964 0.5483132 0.3170964 0.4517157 0.3188716 0.5463474 0.3188716 0.5463474 0.3170964 0.4517157 0.3188716 0.4536815 0.4750277 0.7930142 0.475054 0.8388348 0.4201402 0.7933075 0.1177777 0.004533171 0.2119315 0 0.2101971 0.004533171 0.2119315 0 0.1177777 0.004533171 0.1160433 0 0.6170657 0.7655304 0.5961847 0.7602418 0.6052759 0.7537481 0.5961847 0.7602418 0.6170657 0.7655304 0.6079747 0.772024 0.2536369 0.5513558 0.245115 0.5372672 0.2536309 0.5372703 0.245115 0.5372672 0.2536369 0.5513558 0.2451209 0.5513528 0.4768149 0.8873901 0.5204306 0.8767485 0.5203923 0.887427 0.5204306 0.8767485 0.4768149 0.8873901 0.4768532 0.8767116 0.4768461 0.8504275 0.5203261 0.8046936 0.5204235 0.8504643 0.5203261 0.8046936 0.4768461 0.8504275 0.4767487 0.8046568 0.3193435 0.7259807 0.3278506 0.6339362 0.3278594 0.7259848 0.3278506 0.6339362 0.3193435 0.7259807 0.3193348 0.6339321 0.6212853 0.8043004 0.6001852 0.7860607 0.6097747 0.7772188 0.4201691 0.8388556 0.4750576 0.8524649 0.4201723 0.8522701 0.7254776 0.473074 0.7173798 0.4651573 0.725507 0.4641944 0.7173798 0.4651573 0.7254776 0.473074 0.7173497 0.4741328 0.5816066 0.9244366 0.5929208 0.9239574 0.5815745 0.9834335 0.5186281 0.4492276 0.5267475 0.4615394 0.5186221 0.4623849 0.5267475 0.4615394 0.5186281 0.4492276 0.5267509 0.4485229 0.6212853 0.8043004 0.5929207 0.7855373 0.6001852 0.7860607 0.4973743 0.6522105 0.4835052 0.8044031 0.4838923 0.6527106 0.8483701 0.2770149 0.8622636 0.3317477 0.8483826 0.3319037 0.6234253 0.8732161 0.6008034 0.8955966 0.5929207 0.897277 0.3332518 0.04299861 0.3279749 0.2032297 0.3279748 0.04243844 0.3279749 0.2032297 0.3332518 0.04299861 0.3332519 0.2026718 0.1529741 0.7746515 0.3021843 0.6295272 0.3010538 0.7746515 0.3021843 0.6295272 0.1529741 0.7746515 0.1515738 0.6295272 0.5815745 0.9834335 0.5929208 0.9239574 0.5928874 0.9832301 0.408817 0.9407664 0.3652365 0.9264261 0.4088152 0.9264261 0.3652365 0.9264261 0.408817 0.9407664 0.3652384 0.9407664 0.725507 0.4641944 0.7173979 0.454091 0.7255233 0.4532465 0.7173979 0.454091 0.725507 0.4641944 0.7173798 0.4651573 0.9616978 0.3292899 0.9616978 0.4813529 0.9511529 0.3366035 0.05498278 0.8113622 0.09852427 0.8188359 0.05494564 0.8188604 0.09852427 0.8188359 0.05498278 0.8113622 0.0985614 0.8113377 0.8886821 0.09342855 0.9080998 0.1200582 0.8775953 0.09599727 0.9841263 0.1502525 0.9841263 0.3022618 0.9744881 0.1574388 0.03144216 0.1149282 0.03894954 0.1169056 0.03441697 0.1183028 0.3111506 0.9282595 0.298336 0.9829537 0.2976903 0.9280565 0.003891289 0.2162535 0.02007758 0.2134927 0.02067583 0.2181164 0.02007758 0.2134927 0.003891289 0.2162535 0.006104052 0.2119418 0.4486231 0.5204384 0.441041 0.5105792 0.4767487 0.5155932 0.518604 0.4734497 0.5267022 0.4813618 0.5185741 0.4824216 0.5267022 0.4813618 0.518604 0.4734497 0.5267313 0.4724857 0.173597 0.5645615 0.1795701 0.5645511 0.1790589 0.6194296 0.9080997 0.008318483 0.8906415 0.03033328 0.8797352 0.0270816 0.9008353 0.008841872 0.8797352 0.0270816 0.8912458 0 0.4201691 0.8388556 0.475054 0.8388348 0.4750576 0.8524649 0.9997846 0.234818 0.9912687 0.1502525 0.9997846 0.1502575 0.9912687 0.1502525 0.9997846 0.234818 0.9912687 0.234813 0.8704385 0.2758041 0.8815026 0.1237409 0.8778135 0.2755525 0.1151422 0.2935903 0.1232075 0.2935578 0.1188623 0.2965326 0.1232075 0.2935578 0.1151422 0.2935903 0.1218103 0.2890252 0.3752989 0.4474045 0.5186281 0.4492276 0.3752989 0.4551169 0.5186281 0.4492276 0.3752989 0.4474045 0.5186281 0.4421516 0.8912458 0 0.8797352 0.0270816 0.8580384 0.03158068 0.9858244 0.7783961 0.99434 0.693195 0.99434 0.7784215 0.99434 0.693195 0.9858244 0.7783961 0.9858244 0.6931697 0.8815025 0.1237408 0.8915449 0.2759522 0.8850142 0.2756079 0.9080998 0.1200582 0.9002171 0.1183778 0.8775953 0.09599727 0.2572727 0.3279747 0.2670807 0.3557183 0.2444589 0.3333378 0.8989534 0.1246512 0.9126493 0.2770384 0.9005883 0.2764206 0.1098584 0.307299 0.1188623 0.2965326 0.114482 0.3078972 0.1188623 0.2965326 0.1098584 0.307299 0.1151422 0.2935903 0.03441697 0.2096719 0.03894954 0.1169056 0.03894954 0.2110691 0.03894954 0.1169056 0.03441697 0.2096719 0.03441697 0.1183028 0.7853231 0.8133006 0.7853168 0.8236649 0.7304387 0.8240649 0 0.2119314 0.006104052 0.2119418 0.003891289 0.2162535 0.006104052 0.2119418 0 0.2119314 0.004533231 0.2101971 0.7853168 0.8236649 0.7853163 0.837164 0.7304381 0.837342 0.7288028 0.03515595 0.7206747 0.02183151 0.7287941 0.02322793 0.7206747 0.02183151 0.7288028 0.03515595 0.7206859 0.03388875 0.03441697 0.2096719 0.03894954 0.2110691 0.03144216 0.2130465 0.4379912 0.9960311 0.4508041 0.9413367 0.4508041 0.996226 0.9080997 0.008318483 0.8797352 0.0270816 0.9008353 0.008841872 0.3752401 0.2456681 0.5185741 0.2570609 0.3752728 0.2539503 0.87279 0.09066152 0.8775953 0.09599727 0.8562194 0.0901606 0.2789469 0.5645615 0.2741827 0.6194296 0.2735475 0.5645511 0.5080282 0.6518275 0.4957067 0.8039507 0.4973743 0.6522105 0.8798162 0.3310881 0.8933001 0.3305318 0.8794361 0.4827202 0.3002455 0.5483132 0.3002439 0.5596841 0.2959065 0.5601466 0.3187965 0.5919217 0.3074864 0.57765 0.3187938 0.5778055 0.4189907 0.511878 0.395525 0.5039892 0.4072136 0.5000931 0.395525 0.5039892 0.4189907 0.511878 0.4073021 0.5157741 0.09849691 0.8406746 0.05492812 0.8550396 0.05491828 0.840699 0.05492812 0.8550396 0.09849691 0.8406746 0.09850674 0.8550152 0.05496722 0.9717349 0.09854435 0.9260937 0.09854435 0.9718645 0.09854435 0.9260937 0.05496722 0.9717349 0.0549671 0.9259642 0.9397323 0.3292899 0.9511529 0.3335531 0.9397324 0.4732577 0.173597 0.5645615 0.1790589 0.6194296 0.1731292 0.6194401 0.5266602 0.4881677 0.5185741 0.4824216 0.5267022 0.4813618 0.5185741 0.4824216 0.5266602 0.4881677 0.5185322 0.4893011 0.420131 0.838838 0.3651986 0.7933292 0.420086 0.7930142 0.3752923 0.4694575 0.518604 0.4734497 0.3752728 0.4815173 0.518604 0.4734497 0.3752923 0.4694575 0.5186221 0.4623849 0.9631366 0.09754991 0.9744487 0.09703791 0.963106 0.1028809 0.02067589 0.1098583 0.03438448 0.111208 0.02007764 0.1144819 0.8486859 0.2765981 0.8490732 0.1249056 0.8625549 0.1244062 0.4088044 0.952828 0.3652384 0.9407664 0.408817 0.9407664 0.3652384 0.9407664 0.4088044 0.952828 0.3652257 0.952828 0.9563639 0.9648323 0.9620915 0.8806893 0.9620915 0.9659145 0.9620915 0.8806893 0.9563639 0.9648323 0.9563639 0.8796072 0.57741 0.03036296 0.7206859 0.03388875 0.7206859 0.04064643 0.7206859 0.03388875 0.57741 0.03036296 0.57741 0.02299749 0.6755003 0.9751486 0.664223 0.9649587 0.6755294 0.9653658 0.1790589 0.6194296 0.2735475 0.5645511 0.2741827 0.6194296 0.2735475 0.5645511 0.1790589 0.6194296 0.1795701 0.5645511 0.5521486 0.236162 0.5591378 0.2311698 0.5630325 0.2350578 0.3878211 0.5430476 0.3747453 0.5455488 0.376044 0.5312626 0.3747453 0.5455488 0.3878211 0.5430476 0.3865224 0.5573337 0.9374298 0.9033406 0.7886726 0.7582045 0.9385634 0.7582045 0.7886726 0.7582045 0.9374298 0.9033406 0.7900577 0.9033406 0.8989534 0.1246512 0.91229 0.1253342 0.9126493 0.2770384 0.3003678 0.56354 0.3003678 0.5483132 0.303595 0.5590772 0.7205851 0.2219825 0.7287625 0.2115474 0.7287076 0.22124 0.7287625 0.2115474 0.7205851 0.2219825 0.7206411 0.2121852 0.8419299 0.2768513 0.8419299 0.1251724 0.8490732 0.1249056 0.8419299 0.3319352 0.8483701 0.2770149 0.8483826 0.3319037 0.8888518 0.1241282 0.8915449 0.2759522 0.8815025 0.1237408 0.9848522 0.006501734 0.9891125 0.09601205 0.9848521 0.09616285 0.9891125 0.09601205 0.9848522 0.006501734 0.9891125 0.006350934 0.2967956 0.3720716 0.2802789 0.3716259 0.271886 0.3610541 0.4201155 0.8719761 0.4200824 0.878503 0.3652307 0.8712937 0.236586 0.4689588 0.2915074 0.4601604 0.2914741 0.4692453 0.963028 0.2813779 0.919436 0.2900583 0.919449 0.2813933 0.5591378 0.2311698 0.5641301 0.2241805 0.5689267 0.2268061 0.6169644 0.7109181 0.6071009 0.7033315 0.6287544 0.6822159 0.6755445 0.9533042 0.6642372 0.9390313 0.6755455 0.9389638 0.5312044 0.2456681 0.370967 0.2403869 0.5306398 0.2403869 0.370967 0.2403869 0.5312044 0.2456681 0.3704133 0.2456682 0.7853231 0.8133006 0.7304387 0.8240649 0.7304449 0.8139443 0.8775953 0.09599727 0.8874033 0.1237409 0.8562194 0.0901606 0.6642139 0.8772043 0.6642318 0.8724602 0.6755393 0.872173 0.7304382 0.9391981 0.785326 0.9264464 0.7853265 0.9387778 0.9194087 0.9033408 0.9375597 0.9469298 0.9194091 0.9469181 0.7173798 0.4651573 0.5740685 0.4611545 0.7173979 0.454091 0.5740685 0.4611545 0.7173798 0.4651573 0.5740488 0.4732161 0.5672506 0.03085154 0.56413 0.02148979 0.5724633 0.02947145 0.1515708 0.7912522 0.1515619 0.8026729 0.008150577 0.7925858 0.5816036 0.9114265 0.5928849 0.9009597 0.592916 0.9108157 0.0549671 0.9259642 0.09853214 0.9129521 0.09854435 0.9260937 0.09853214 0.9129521 0.0549671 0.9259642 0.05495488 0.9128226 0.8419299 0.2770458 0.8483701 0.2770149 0.8419299 0.3319352 0.963106 0.1028809 0.9744848 0.1616291 0.9631712 0.1619569 0.1515619 0.8026729 0.008136987 0.8005359 0.008150577 0.7925858 0.008136987 0.8005359 0.1515619 0.8026729 0.1515471 0.8113379 0.1232075 0.2935578 0.2061645 0.2890252 0.2047672 0.2935578 0.2061645 0.2890252 0.1232075 0.2935578 0.1218103 0.2890252 0.420131 0.838838 0.3652461 0.8388809 0.3651986 0.7933292 0.2091125 0.03144216 0.2181164 0.02067577 0.2128326 0.03438448 0.2181164 0.02067577 0.2091125 0.03144216 0.2134928 0.02007752 0.5427867 0.00638777 0.5441712 0.001179277 0.5547805 0.004715979 0.4088152 0.9264261 0.3652085 0.878503 0.408787 0.878503 0.3652085 0.878503 0.4088152 0.9264261 0.3652365 0.9264261 0.5441713 0.2444888 0.5306398 0.2403869 0.5427869 0.2392826 0.7255268 0.2805236 0.7174039 0.2865784 0.7174039 0.2795029 0.7174039 0.2865784 0.7255268 0.2805236 0.7255268 0.4402303 0.7174039 0.2865784 0.7255268 0.4402303 0.7174039 0.4338584 0.7174039 0.4338584 0.7255268 0.4402303 0.7174039 0.4409338 0.5815745 0.9017155 0.5928849 0.9009597 0.5816036 0.9114265 0.8888518 0.1241282 0.9005883 0.2764206 0.8915449 0.2759522 0.9329846 0.3306223 0.9397325 0.4829989 0.9332835 0.4825791 0.2649407 0.424634 0.2534303 0.4517156 0.2438406 0.4428737 0.963106 0.1028809 0.9744181 0.1023564 0.9744848 0.1616291 0.5736426 0.04243838 0.5672506 0.03085154 0.5724633 0.02947145 0.9906103 0.3292899 0.9906103 0.4730858 0.9819484 0.3331679 0.307299 0.1098584 0.3239584 0.04948896 0.3240835 0.1117213 0.3239584 0.04948896 0.307299 0.1098584 0.3064934 0.06382071 0.3239584 0.04948896 0.3064934 0.06382071 0.3053978 0.05022597 0.3239584 0.04948896 0.3053978 0.05022597 0.30198 0.03962582 0.3239584 0.04948896 0.30198 0.03962582 0.3228538 0.03540623 0.3228538 0.03540623 0.30198 0.03962582 0.2963359 0.0316388 0.3228538 0.03540623 0.2963359 0.0316388 0.3191773 0.0239436 0.3191773 0.0239436 0.2963359 0.0316388 0.2883489 0.02599471 0.3191773 0.0239436 0.2883489 0.02599471 0.2777488 0.02257698 0.3191773 0.0239436 0.2777488 0.02257698 0.312902 0.01507282 0.312902 0.01507282 0.2777488 0.02257698 0.264154 0.02148145 0.312902 0.01507282 0.264154 0.02148145 0.2181164 0.02067577 0.312902 0.01507282 0.2181164 0.02067577 0.2162535 0.003891289 0.312902 0.01507282 0.2162535 0.003891289 0.3040311 0.008797407 0.3040311 0.008797407 0.2162535 0.003891289 0.2925685 0.005120933 0.2925685 0.005120933 0.2162535 0.003891289 0.2784858 0.00401628 0.3865224 0.5573337 0.3747453 0.5937973 0.3747453 0.5455488 0.3747453 0.5937973 0.3865224 0.5573337 0.3865224 0.5650978 0.9194552 0.207625 0.9194424 0.1981437 0.9630343 0.2076278 0.91229 0.1253342 0.9194359 0.1256992 0.9194359 0.2773846 0.3652307 0.8712937 0.3652494 0.8629658 0.4201347 0.8633918 0.7853168 0.8236649 0.7304381 0.837342 0.7304387 0.8240649 0.3715534 0.4125168 0.3784521 0.2955408 0.3784521 0.4410053 0.3784521 0.2955408 0.3715534 0.4125168 0.3715534 0.3229051 0.5683548 0.04299855 0.5672506 0.03085154 0.5736426 0.04243838 0.4087772 0.9626108 0.3652257 0.952828 0.4088044 0.952828 0.3652257 0.952828 0.4087772 0.9626108 0.3651986 0.9626108 0.2365993 0.5633007 0.2450919 0.5521343 0.245115 0.5633084 0.2450919 0.5521343 0.2365993 0.5633007 0.2365762 0.5521266 0.4838923 0.6527106 0.4835052 0.8044031 0.4767486 0.8046568 0.9906102 0.4138574 0.999126 0.3292948 0.999126 0.4138624 0.999126 0.3292948 0.9906102 0.4138574 0.9906102 0.3292898 0.3096789 0.3279758 0.3027461 0.4178137 0.3027461 0.327975 0.3027461 0.4178137 0.3096789 0.3279758 0.3096789 0.4178144 0.5816036 0.9114265 0.592916 0.9108157 0.5816066 0.9244366 0.1098584 0.307299 0.1160329 0.3218707 0.1117213 0.3240835 0.1160329 0.3218707 0.1098584 0.307299 0.114482 0.3078972 0.1098585 0.02067577 0.1188623 0.03144216 0.1151422 0.03438448 0.1188623 0.03144216 0.1098585 0.02067577 0.1144821 0.02007752 0.3376576 0.9453015 0.3314135 0.9449884 0.3279748 0.7930142 0.4973743 0.6522105 0.4957067 0.8039507 0.4835052 0.8044031 0.3074864 0.552622 0.303595 0.5555008 0.3035951 0.5483132 0.303595 0.5555008 0.3074864 0.552622 0.3074864 0.6482182 0.303595 0.5555008 0.3074864 0.6482182 0.303595 0.6453394 0.303595 0.6453394 0.3074864 0.6482182 0.3035951 0.652527 0.7304382 0.926648 0.785326 0.9264464 0.7304382 0.9391981 0.05495488 0.9128226 0.09849554 0.9030961 0.09853214 0.9129521 0.09849554 0.9030961 0.05495488 0.9128226 0.05491828 0.9029666 0.9118626 0.3297495 0.9082143 0.4815179 0.9010679 0.4818225 0.8211959 0.4830219 0.8206926 0.5379062 0.814046 0.4829989 0.9194555 0.2557963 0.9630346 0.2699572 0.9194555 0.2699726 0.9630346 0.2699572 0.9194555 0.2557963 0.9630346 0.2557809 0.8419299 0.2768513 0.8490732 0.1249056 0.8486859 0.2765981 0.5703295 0.4042212 0.5267509 0.3145918 0.5703295 0.314617 0.5267509 0.3145918 0.5703295 0.4042212 0.5267509 0.4041953 0.3188716 0.5492047 0.3075258 0.5558112 0.3075671 0.5483132 0.6755455 0.9389638 0.6642372 0.9390313 0.6642139 0.8772043 0.9194555 0.2699726 0.963028 0.2813779 0.919449 0.2813933 0.963028 0.2813779 0.9194555 0.2699726 0.9630346 0.2699572 0.5306397 0.005283474 0.5312042 0 0.5441712 0.001179277 0.6755294 0.9653658 0.6642371 0.9531471 0.6755445 0.9533042 0.0985614 0.8113442 0.1421404 0.900999 0.0985614 0.9010052 0.1421404 0.900999 0.0985614 0.8113442 0.1421404 0.8113379 0.5724633 0.02947145 0.56413 0.02148979 0.5689265 0.01886206 0.1515738 0.777076 0.008158743 0.7821075 0.008161485 0.769101 0.9862871 0.8450235 0.9862871 0.9887941 0.977189 0.8488972 0.7304663 0.8832294 0.785359 0.8830601 0.7304382 0.926648 0.6448011 0.8673794 0.6234253 0.8732161 0.6282305 0.8678804 0.3008574 0.40062 0.2956129 0.4101559 0.2843548 0.4000607 0.725507 0.2576531 0.7173979 0.2666221 0.7173798 0.2563848 0.7173979 0.2666221 0.725507 0.2576531 0.7255233 0.2677809 0.2670807 0.3557183 0.2559939 0.358287 0.2365763 0.3316574 0.3027462 0.3913169 0.2862464 0.3908045 0.2849328 0.3814489 2.88381e-5 0.7681524 0.008158743 0.7821075 2.36556e-5 0.7810197 0.008158743 0.7821075 2.88381e-5 0.7681524 0.008161485 0.769101 0.6234253 0.8732161 0.5929207 0.897277 0.6123384 0.8706474 0.9631782 0.2192038 0.9744691 0.2076278 0.9744856 0.2187858 0.9629926 0.06217712 0.9516952 0.07653415 0.9516943 0.06235784 0.05488866 0.8568312 0.05488538 0.8699866 0 0.8703538 0.3258025 0.8414804 0.3278594 0.7556446 0.3278594 0.8408697 0.3278594 0.7556446 0.3258025 0.8414804 0.3258025 0.7562553 0.9110856 0.4829989 0.9056258 0.5379062 0.9049879 0.4830219 0.557611 0.8102982 0.5327014 0.8213157 0.5410404 0.8107991 0.5327014 0.8213157 0.557611 0.8102982 0.5492181 0.8208699 0.3584442 0.9464049 0.3464977 0.9457643 0.3448821 0.7938843 0.9658829 0.482999 0.9385761 0.572839 0.9385761 0.4829989 0.9385761 0.572839 0.9658829 0.482999 0.9658829 0.5728391 0.3111506 0.9831488 0.298336 0.9829537 0.3111506 0.9282595 0.1117213 0.003891289 0.1144821 0.02007752 0.1098585 0.02067577 0.1144821 0.02007752 0.1117213 0.003891289 0.1160329 0.006104052 0.5591377 0.01450055 0.5521485 0.009508311 0.5630323 0.01061028 0.6136173 0.9009597 0.6234253 0.8732161 0.6448011 0.8673794 0.05488866 0.8568312 0 0.8703538 3.61351e-6 0.8569759 0.9658811 0.7934263 0.9771797 0.7931895 0.9771685 0.8555474 0.6755455 0.9389638 0.6642139 0.8772043 0.6755215 0.876904 0.6755664 0.9658503 0.7191673 0.9179688 0.719145 0.9658959 0.7191673 0.9179688 0.6755664 0.9658503 0.6755887 0.9179233 0.7404242 0.4972318 0.7261381 0.4985305 0.7261913 0.4829989 0.3747453 0.5937973 0.396375 0.5726866 0.3915442 0.5937964 0.008136987 0.5741119 0.1515619 0.5740323 0.008150637 0.5828109 0.1515619 0.5740323 0.008136987 0.5741119 0.1515471 0.5645511 0.9443306 0.879818 0.9503346 0.9693415 0.9443306 0.969479 0.9503346 0.9693415 0.9443306 0.879818 0.9503346 0.8796804 0.6287544 0.7304645 0.6169644 0.7109181 0.6287544 0.6822159 0.6169644 0.7109181 0.6287544 0.7304645 0.6169644 0.7186822 0.5186221 0.2749004 0.5267313 0.2659272 0.5267475 0.2760583 0.5267313 0.2659272 0.5186221 0.2749004 0.5186041 0.2646597 0.6502064 0.9011588 0.6502293 0.9560472 0.6450153 0.9560967 0.3046081 0.7751691 0.3178194 0.7758784 0.3181681 0.9276909 0.5306397 0.005283474 0.3704131 0 0.5312042 0 0.3704131 0 0.5306397 0.005283474 0.3709669 0.005283474 0.2047672 0.03441697 0.2128326 0.03438448 0.2061645 0.03894954 0.2128326 0.03438448 0.2047672 0.03441697 0.2091125 0.03144216 0.1421404 0.8113391 0.1506564 0.9010004 0.1421404 0.9010016 0.1506564 0.9010004 0.1421404 0.8113391 0.1506564 0.8113379 0.5718057 0.9492778 0.5596137 0.9487657 0.5694409 0.9445711 0.5596137 0.9487657 0.5718057 0.9492778 0.5617183 0.9541709 0.5617183 0.9541709 0.5718057 0.9492778 0.5704253 0.9533001 0.5617183 0.9541709 0.5704253 0.9533001 0.5661596 0.9556715 0.5788453 0.9009853 0.5352668 0.9047421 0.5352668 0.9009597 0.5352668 0.9047421 0.5788453 0.9009853 0.5714796 0.9426357 0.5714796 0.9426357 0.5788453 0.9009853 0.5788454 0.9504534 0.5352668 0.9047421 0.5714796 0.9426357 0.5267509 0.9047371 0.5267509 0.9047371 0.5714796 0.9426357 0.5352668 0.931782 0.5714796 0.9426357 0.5788454 0.9504534 0.5742181 0.9490365 0.5742181 0.9490365 0.5788454 0.9504534 0.5720819 0.9559249 0.5720819 0.9559249 0.5788454 0.9504534 0.5767241 0.9583499 0.5720819 0.9559249 0.5767241 0.9583499 0.5663225 0.9592657 0.5663225 0.9592657 0.5767241 0.9583499 0.5728037 0.9641326 0.5663225 0.9592657 0.5728037 0.9641326 0.5560114 0.9612539 0.5560114 0.9612539 0.5728037 0.9641326 0.5610626 0.9655036 0.5610626 0.9655036 0.5728037 0.9641326 0.5669134 0.9667412 0.5352668 0.931782 0.5575751 0.9507011 0.5560114 0.9612539 0.5575751 0.9507011 0.5352668 0.931782 0.5596137 0.9487657 0.5596137 0.9487657 0.5352668 0.931782 0.5714796 0.9426357 0.5596137 0.9487657 0.5714796 0.9426357 0.5694409 0.9445711 0.5560114 0.9612539 0.5575751 0.9507011 0.5603135 0.957102 0.5560114 0.9612539 0.5603135 0.957102 0.5663225 0.9592657 0.5267509 0.9318598 0.5267509 0.9047371 0.5352668 0.931782 0.6949685 0.5297002 0.6936697 0.5439862 0.6911254 0.4946876 0.7287076 0.22124 0.7205067 0.2302728 0.7205851 0.2219825 0.7205067 0.2302728 0.7287076 0.22124 0.7286295 0.2294418 0.3279748 0.4124912 0.3715534 0.3229051 0.3715534 0.4125168 0.3715534 0.3229051 0.3279748 0.4124912 0.3279748 0.3228802 0.6287544 0.5297535 0.6156657 0.5272522 0.6274557 0.5154674 0.6156657 0.5272522 0.6287544 0.5297535 0.6169644 0.5415383 0.7053583 0.5089204 0.6988646 0.5180115 0.7002165 0.4881938 0.9631798 0.2330635 0.9744856 0.2187858 0.9744882 0.2328249 0.6287544 0.7304645 0.6156657 0.7329683 0.6169644 0.7186822 0.6156657 0.7329683 0.6287544 0.7304645 0.6274556 0.7447506 0.3077006 0.7587888 0.3146598 0.7538231 0.3148739 0.7588673 0.3146598 0.7538231 0.3077006 0.7587888 0.3074865 0.7537446 0.5186281 0.4421516 0.5267509 0.4485229 0.5186281 0.4492276 0.5267509 0.4485229 0.5186281 0.4421516 0.5267509 0.288803 0.5267509 0.288803 0.5186281 0.4421516 0.5186281 0.2948592 0.5267509 0.288803 0.5186281 0.2948592 0.5186281 0.2877832 0.8144688 0.9512025 0.8262099 0.9498312 0.8203196 0.9524402 0.8262099 0.9498312 0.8144688 0.9512025 0.8094175 0.9469525 0.8262099 0.9498312 0.8094175 0.9469525 0.8301301 0.9440479 0.8301301 0.9440479 0.8094175 0.9469525 0.7886726 0.9174787 0.8301301 0.9440479 0.7886726 0.9174787 0.8322514 0.9361508 0.8322514 0.9361508 0.7886726 0.9174787 0.8322511 0.9033654 0.8322511 0.9033654 0.7886726 0.9174787 0.7886726 0.9033406 0.1117213 0.003891289 0.1177777 0.004533171 0.1160329 0.006104052 0.1177777 0.004533171 0.1117213 0.003891289 0.1160433 0 0.311271 0.4178144 0.3027461 0.4311835 0.302755 0.4178183 0.3027461 0.4311835 0.311271 0.4178144 0.3112621 0.4311796 0.3234416 0.2101971 0.3279748 0.1160433 0.3279748 0.2119315 0.3279748 0.1160433 0.3234416 0.2101971 0.3234416 0.1177777 0.008150637 0.5828109 2.3669e-5 0.5946635 1.40177e-5 0.5838528 2.3669e-5 0.5946635 0.008150637 0.5828109 0.008158802 0.5937385 0.596286 0.4842977 0.5702101 0.4947838 0.582 0.482999 0.5702101 0.4947838 0.596286 0.4842977 0.5844962 0.4960826 0.87583 0.9382658 0.9194086 0.9524291 0.87583 0.9524051 0.9194086 0.9524291 0.87583 0.9382658 0.9194086 0.9226815 0.9194086 0.9226815 0.87583 0.9382658 0.8965746 0.9088157 0.9194086 0.9226815 0.8965746 0.9088157 0.9194086 0.9196438 0.9194086 0.9196438 0.8965746 0.9088157 0.9172872 0.9117441 0.9172872 0.9117441 0.8965746 0.9088157 0.9133669 0.9059564 0.9133669 0.9059564 0.8965746 0.9088157 0.9016258 0.9045715 0.9133669 0.9059564 0.9016258 0.9045715 0.9074766 0.9033406 0.4201347 0.8633918 0.3652548 0.8522957 0.4201402 0.8524684 0.3464977 0.9457643 0.3376576 0.9453015 0.3350037 0.7933669 0.9630214 0.1981465 0.9194359 0.1862334 0.963015 0.1862362 0.9194359 0.1862334 0.9630214 0.1981465 0.9194424 0.1981437 0.7173798 0.2563848 0.5740686 0.2568262 0.5740488 0.2456681 0.5740686 0.2568262 0.7173798 0.2563848 0.7173979 0.2666221 0.7119051 0.4842976 0.7053583 0.5089204 0.7002165 0.4881938 0.9902147 0.6586356 0.9945028 0.5726671 0.9945028 0.6578922 0.9945028 0.5726671 0.9902147 0.6586356 0.9902147 0.5734105 0.7255233 0.4532465 0.7174039 0.4409338 0.7255268 0.4402303 0.7174039 0.4409338 0.7255233 0.4532465 0.7173979 0.454091 0.5186041 0.2646597 0.5267022 0.2584097 0.5267313 0.2659272 0.5267022 0.2584097 0.5186041 0.2646597 0.5185741 0.2570609 0.3326909 0.2268061 0.3291542 0.2161967 0.3374767 0.2241805 0.3915442 0.6980122 0.3747453 0.6980112 0.3915441 0.6908236 0.3915441 0.6908236 0.3417401 0.6980116 0.3417401 0.6908236 0.3417401 0.6980116 0.3915441 0.6908236 0.3747453 0.6980112 0.6136173 0.9009597 0.6008034 0.8955966 0.6234253 0.8732161 0.9771717 0.7886446 0.9658902 0.6931696 0.9771888 0.6932373 0.9658902 0.6931696 0.9771717 0.7886446 0.965873 0.7888683 0.2769572 0.5491585 0.2769572 0.5377886 0.281989 0.5372672 0.5736427 0.1580284 0.58052 0.04068881 0.58052 0.1796089 0.58052 0.04068881 0.5736427 0.1580284 0.5736427 0.0591644 0.3915442 0.5937964 0.3915442 0.6980122 0.3915441 0.6908236 0.3915442 0.5937964 0.3915441 0.6908236 0.3915441 0.6009849 0.3584442 0.9464049 0.3448821 0.7938843 0.3580954 0.7945932 0.6807355 0.5154673 0.6794368 0.5922347 0.6794368 0.5297534 0.7002165 0.4881938 0.6988646 0.5180115 0.6949685 0.5297002 2.88494e-5 0.607679 0.008161485 0.769101 2.88381e-5 0.7681524 0.008161485 0.769101 2.88494e-5 0.607679 0.008161485 0.6140043 0.008161485 0.6140043 2.88494e-5 0.607679 0.008161485 0.6068948 0.3279747 0.3279747 0.3279747 0.1805514 0.3279747 0.3212171 0.8657138 0.3359919 0.872648 0.4613756 0.8657138 0.4821428 0.872648 0.4613756 0.8657138 0.3359919 0.872648 0.3573657 0.6119555 0.6822169 0.6119555 0.578001 0.6119556 0.6750283 0.6119556 0.6750283 0.6119555 0.578001 0.6119555 0.5851896 0.9629766 0.09583038 0.951677 0.09661984 0.9629886 0.08737146 0.7886727 0.4829989 0.7404242 0.4972318 0.7261913 0.4829989 0.7404242 0.4972318 0.7886727 0.4829989 0.7886727 0.497233 0.1151422 0.03438448 0.1232076 0.03441697 0.1218103 0.03894954 0.1232076 0.03441697 0.1151422 0.03438448 0.1188623 0.03144216 0.4754846 0.9412481 0.4646824 0.9960266 0.4641517 0.9411339 0.9632596 0.572839 0.9519808 0.5817342 0.9519541 0.5736457 0.1771178 0.7746943 0.1766818 0.8295807 0.1702688 0.7746515 0.3747453 0.5937973 0.3865224 0.5650978 0.396375 0.5726866 0.05488538 0.8699866 1.03073e-5 0.8804895 0 0.8703538 0.963015 0.1718966 0.9194459 0.1237408 0.963025 0.1237437 0.9194459 0.1237408 0.963015 0.1718966 0.9194359 0.1718938 0.5166292 0.4988921 0.5242399 0.4987943 0.5196807 0.6505345 0.5163172 0.6515439 0.5226169 0.6513464 0.5182621 0.8031789 0.2649407 0.424634 0.2438406 0.4428737 0.2365762 0.4433971 0.8135764 0.7480537 0.8140375 0.6931696 0.820687 0.748077 0.8206926 0.5379062 0.9385759 0.5480335 0.7886726 0.5480335 0.9385759 0.5480335 0.8206926 0.5379062 0.9056258 0.5379062 0.9632874 0.5811212 0.9519928 0.5926968 0.9519808 0.5817342 0.3156449 0.7537446 0.3188716 0.7645075 0.3156449 0.7689726 0.4201548 0.9411339 0.420141 0.9310016 0.4750263 0.930616 0.2181164 0.307299 0.2784858 0.3239585 0.2162535 0.3240835 0.2784858 0.3239585 0.2181164 0.307299 0.2925685 0.3228538 0.2925685 0.3228538 0.2181164 0.307299 0.3040311 0.3191773 0.3040311 0.3191773 0.2181164 0.307299 0.3129019 0.312902 0.3129019 0.312902 0.2181164 0.307299 0.264154 0.3064934 0.3129019 0.312902 0.264154 0.3064934 0.3191773 0.3040311 0.3191773 0.3040311 0.264154 0.3064934 0.2777488 0.3053978 0.3191773 0.3040311 0.2777488 0.3053978 0.2883489 0.30198 0.3191773 0.3040311 0.2883489 0.30198 0.3228538 0.2925685 0.3228538 0.2925685 0.2883489 0.30198 0.2963359 0.2963359 0.3228538 0.2925685 0.2963359 0.2963359 0.30198 0.2883489 0.3228538 0.2925685 0.30198 0.2883489 0.3239584 0.2784858 0.3239584 0.2784858 0.30198 0.2883489 0.3053978 0.2777488 0.3239584 0.2784858 0.3053978 0.2777488 0.3240835 0.2162535 0.3240835 0.2162535 0.3053978 0.2777488 0.3064934 0.264154 0.3240835 0.2162535 0.3064934 0.264154 0.307299 0.2181164 0.5432506 0.8400486 0.5286396 0.8498641 0.5267508 0.840561 0.4201402 0.9411474 0.4373459 0.9411339 0.4201402 0.9847264 0.6287544 0.5780017 0.6169644 0.5415383 0.6287544 0.5297535 0.6169644 0.5415383 0.6287544 0.5780017 0.6169644 0.5493025 0.5548527 0.504643 0.526751 0.4997977 0.5624459 0.4947838 0.4641517 0.9413579 0.4641517 0.9962441 0.4514748 0.9960317 0.2366203 0.4595965 0.2366796 0.4517157 0.2915074 0.4601604 0.5929207 0.8926412 0.5856563 0.8921178 0.5645562 0.8738781 0.2965326 0.1149282 0.2935578 0.1183028 0.2890253 0.1169056 0.420141 0.9310016 0.4201402 0.9176255 0.4750252 0.9174624 0.9385634 0.8796072 0.9443306 0.969479 0.9385634 0.9692683 0.9443306 0.969479 0.9385634 0.8796072 0.9443306 0.879818 0.6617596 0.5851897 0.6587014 0.5780017 0.6617596 0.5780017 0.6755743 0.8927203 0.7191241 0.8844836 0.7191529 0.8927658 0.7191241 0.8844836 0.6755743 0.8927203 0.6755455 0.8844381 0.5929207 0.7809015 0.5624163 0.8049624 0.5850381 0.7825819 0.8580384 0.03158068 0.8655756 0.04213953 0.8490631 0.04155975 0.2101971 0.3234416 0.2162535 0.3240835 0.2119314 0.3279747 0.2162535 0.3240835 0.2101971 0.3234416 0.2119418 0.3218707 0.2365925 0.493339 0.29148 0.4931712 0.2915648 0.5367296 0.9658702 0.8696677 0.9771689 0.8698869 0.9771757 0.8817973 0.1702688 0.7746515 0.1766818 0.8295807 0.169867 0.8295375 0.3588198 0.00638777 0.3468368 0.004716038 0.3574461 0.001179277 0.5186281 0.2877832 0.5267475 0.2760583 0.5267509 0.288803 0.5267475 0.2760583 0.5186281 0.2877832 0.5186221 0.2749004 0.5850381 0.7825819 0.5624163 0.8049624 0.5722243 0.7772188 0.5856563 0.8921178 0.5760667 0.9009597 0.5645562 0.8738781 0.5075856 0.4990433 0.5048337 0.6507565 0.4950796 0.6509461 0.7853231 0.8133006 0.7304449 0.8139443 0.7853349 0.805684 0.6755887 0.9179233 0.7191673 0.9039276 0.7191673 0.9179688 0.7191673 0.9039276 0.6755887 0.9179233 0.6755887 0.9038821 0.7002165 0.4881938 0.6949685 0.5297002 0.6911254 0.4946876 0.307299 0.1098584 0.3078972 0.114482 0.2935903 0.1112081 0.9706075 0.9811173 0.974658 0.8912786 0.974658 0.9811173 0.974658 0.8912786 0.9706075 0.9811173 0.9706076 0.8912786 0.3915441 0.6009849 0.3747453 0.5937973 0.3915442 0.5937964 0.3747453 0.5937973 0.3915441 0.6009849 0.34174 0.6009849 0.34174 0.6009849 0.34174 0.593797 0.3747453 0.5937973 0.008158802 0.5937385 2.88494e-5 0.607679 2.3669e-5 0.5946635 2.88494e-5 0.607679 0.008158802 0.5937385 0.008161485 0.6068948 0.311271 0.4178144 0.3184586 0.4474742 0.311271 0.4474743 0.3184586 0.4474742 0.311271 0.4178144 0.3184589 0.4178144 0.9118629 0.2802055 0.9190505 0.3098652 0.9118626 0.3098652 0.9190505 0.3098652 0.9118629 0.2802055 0.9190505 0.2802054 0.9058207 0.2828209 0.8940796 0.2814362 0.8999304 0.2802054 0.8940796 0.2814362 0.9058207 0.2828209 0.8890283 0.2856799 0.8890283 0.2856799 0.9058207 0.2828209 0.909741 0.2886083 0.8890283 0.2856799 0.909741 0.2886083 0.8682838 0.3151274 0.8682838 0.3151274 0.909741 0.2886083 0.9118623 0.2965072 0.8682838 0.3151274 0.9118623 0.2965072 0.9118623 0.3292899 0.8682838 0.3151274 0.9118623 0.3292899 0.8682838 0.3292643 0.9658765 0.8813387 0.9771757 0.8817973 0.9771888 0.8912786 0.2890253 0.2110691 0.2965326 0.2130466 0.2935903 0.2167667 0.4201402 0.9176255 0.4201521 0.8719918 0.4750398 0.8719774 0.5736427 0.2032297 0.5683548 0.04299855 0.5736426 0.04243838 0.5683548 0.04299855 0.5736427 0.2032297 0.5683549 0.2026718 0.2091125 0.2965326 0.2181164 0.307299 0.2134927 0.3078972 0.2181164 0.307299 0.2091125 0.2965326 0.2128326 0.2935903 0.236586 0.4689588 0.2914741 0.4692453 0.2914643 0.4801278 0.6170657 0.4946876 0.5961847 0.4999787 0.6079747 0.4881939 0.5961847 0.4999787 0.6170657 0.4946876 0.6052759 0.5064725 0.3752989 0.2868657 0.5186281 0.2877832 0.5186281 0.2948592 0.5186281 0.2877832 0.3752989 0.2868657 0.3752989 0.2791533 0.4201548 0.9411339 0.4750263 0.930616 0.4750398 0.9405089 0.349458 0.009508311 0.3468368 0.004716038 0.3588198 0.00638777 0.3178194 0.7758784 0.3249219 0.9280565 0.3181681 0.9276909 0.3190127 0.3279748 0.3279747 0.3350552 0.3190127 0.4799202 0.4967184 0.4992552 0.4950796 0.6509461 0.4832015 0.6512019 0.8584296 0.06091105 0.8597432 0.07026672 0.8419299 0.06039869 0.9385635 0.6951354 0.9403387 0.7897672 0.9385635 0.7878014 0.9403387 0.7897672 0.9385635 0.6951354 0.9403387 0.6931697 0.9403387 0.7897672 0.9403387 0.6931697 0.9521177 0.7897672 0.9521177 0.7897672 0.9403387 0.6931697 0.9521177 0.6931697 0.9521177 0.7897672 0.9521177 0.6931697 0.9658703 0.7840358 0.9658703 0.7840358 0.9521177 0.6931697 0.9658703 0.6989011 0.8597432 0.07026672 0.8643971 0.08008974 0.8432376 0.06980109 0.518604 0.4734497 0.5185741 0.4824216 0.3752728 0.4815173 0.2615959 0.5372672 0.2694803 0.5427701 0.2626705 0.5424204 0.2694803 0.5427701 0.2615959 0.5372672 0.2684057 0.5376169 0.2947329 0.7746515 0.3046081 0.7751691 0.3062232 0.9270498 0.3218707 0.1160328 0.3279748 0.1160433 0.3234416 0.1177777 0.3279748 0.1160433 0.3218707 0.1160328 0.3240835 0.1117213 0.9658811 0.7934263 0.965873 0.7888683 0.9771717 0.7886446 0.6794368 0.5922347 0.6755455 0.6921396 0.6755455 0.5965436 0.6755455 0.6921396 0.6794368 0.5922347 0.6793537 0.5980086 0.6793537 0.5980086 0.6794368 0.5922347 0.6811289 0.5960429 0.6811289 0.5960429 0.6794368 0.5922347 0.6807355 0.5154673 0.6811289 0.5960429 0.6807355 0.5154673 0.6846318 0.5037787 0.6811289 0.5960429 0.6846318 0.5037787 0.6929079 0.5960429 0.6929079 0.5960429 0.6846318 0.5037787 0.6911254 0.4946876 0.6929079 0.5960429 0.6911254 0.4946876 0.6936697 0.5439862 0.6929079 0.5960429 0.6936697 0.5439862 0.6936697 0.5922347 0.6929079 0.5960429 0.6936697 0.5922347 0.7066605 0.6017742 0.7066605 0.6017742 0.6936697 0.5922347 0.7104687 0.5992356 0.7066605 0.6017742 0.7104687 0.5992356 0.7066605 0.6869089 0.6929079 0.6926403 0.6936697 0.6964485 0.6936697 0.7446969 0.6936697 0.6964485 0.6929079 0.6926403 0.7066605 0.6869089 0.6936697 0.6964485 0.7066605 0.6869089 0.7104687 0.6894475 0.7104687 0.6894475 0.7066605 0.6869089 0.7104687 0.5992356 0.6755455 0.6921396 0.6793537 0.6906746 0.6794368 0.6964485 0.6793537 0.6906746 0.6755455 0.6921396 0.6793537 0.5980086 0.6794368 0.6964485 0.6793537 0.6906746 0.6811289 0.6926403 0.6794368 0.6964485 0.6811289 0.6926403 0.6807355 0.7732158 0.6807355 0.7732158 0.6811289 0.6926403 0.6846318 0.7849044 0.6846318 0.7849044 0.6811289 0.6926403 0.6929079 0.6926403 0.6846318 0.7849044 0.6929079 0.6926403 0.6911254 0.7939956 0.6911254 0.7939956 0.6929079 0.6926403 0.6936697 0.7446969 0.6911254 0.7939956 0.6936697 0.7446969 0.6949685 0.758983 0.6911254 0.7939956 0.6949685 0.758983 0.7002165 0.8004892 0.7002165 0.8004892 0.6949685 0.758983 0.6988646 0.7706716 0.7002165 0.8004892 0.6988646 0.7706716 0.7053583 0.7797627 0.7002165 0.8004892 0.7053583 0.7797627 0.7119052 0.8043854 0.7119052 0.8043854 0.7053583 0.7797627 0.7144495 0.7862563 0.7119052 0.8043854 0.7144495 0.7862563 0.7261914 0.8056842 0.7261914 0.8056842 0.7144495 0.7862563 0.7261381 0.7901526 0.7261914 0.8056842 0.7261381 0.7901526 0.7404242 0.7914512 0.7261914 0.8056842 0.7404242 0.7914512 0.7886727 0.8056841 0.7886727 0.8056841 0.7404242 0.7914512 0.7886727 0.7914513 0.6807355 0.7732158 0.6794368 0.7589297 0.6794368 0.6964485 0.2935903 0.1112081 0.2965326 0.1149282 0.2890253 0.1169056 0.6450153 0.9012077 0.6502064 0.9011588 0.6450153 0.9560967 0.291543 0.5396106 0.2830492 0.5372673 0.2915648 0.5373048 0.2830492 0.5372673 0.291543 0.5396106 0.2830275 0.5395731 0.269769 0.5423114 0.2767282 0.5373458 0.2769423 0.54239 0.2767282 0.5373458 0.269769 0.5423114 0.2695548 0.5372672 0.2626705 0.5424204 0.2695548 0.548644 0.262745 0.5482942 0.2695548 0.548644 0.2626705 0.5424204 0.2694803 0.5427701 0.9632874 0.5811212 0.9633003 0.592283 0.9519928 0.5926968 0.4201402 0.9176255 0.4750398 0.8719774 0.4750252 0.9174624 0.7853349 0.805684 0.7304449 0.8139443 0.7304564 0.8065571 0.8597432 0.07026672 0.8432376 0.06980109 0.8419299 0.06039869 0.8603212 0.05165493 0.8438186 0.0510956 0.8490631 0.04155975 0.236586 0.4689588 0.2914643 0.4801278 0.2365763 0.4800958 0.3752923 0.2651121 0.5186041 0.2646597 0.5186221 0.2749004 0.5186041 0.2646597 0.3752923 0.2651121 0.3752728 0.2539503 0.52424 0.4989171 0.5262742 0.5884553 0.52424 0.5885782 0.5262742 0.5884553 0.52424 0.4989171 0.5262742 0.4987943 0.9757617 0.4829989 0.9757617 0.6349897 0.9658828 0.4901915 0.9633003 0.592283 0.9519901 0.6065584 0.9519928 0.5926968 0.8211959 0.4830219 0.9056258 0.5379062 0.8206926 0.5379062 0.9056258 0.5379062 0.8211959 0.4830219 0.9049879 0.4830219 0.3178194 0.7758784 0.3249219 0.7762621 0.3249219 0.9280565 0.4967184 0.4992552 0.4832015 0.6512019 0.4836055 0.4995381 0.557611 0.8102982 0.5410404 0.8107991 0.5624163 0.8049624 0.1515738 0.8397256 0.2936731 0.984865 0.1529196 0.9848651 0.2936731 0.984865 0.1515738 0.8397256 0.2947329 0.8397256 0.3078972 0.2134928 0.307299 0.2181164 0.2935903 0.2167667 0.3417401 0.6980116 0.3337923 0.6908228 0.3417401 0.6908236 0.3337923 0.6908228 0.3417401 0.6980116 0.3337923 0.6980108 0.2915648 0.5620182 0.2830114 0.5507472 0.291527 0.5507847 0.2830114 0.5507472 0.2915648 0.5620182 0.2830492 0.5619806 0.7144495 0.5024268 0.7053583 0.5089204 0.7119051 0.4842976 0.8603212 0.05165493 0.8584296 0.06091105 0.8438186 0.0510956 0.1771178 0.7746943 0.2670995 0.8295806 0.1766818 0.8295807 0.2670995 0.8295806 0.1771178 0.7746943 0.2664457 0.7746943 0.9658892 0.8905864 0.9658765 0.8813387 0.9771888 0.8912786 0.5547807 0.2409521 0.5521486 0.236162 0.5630325 0.2350578 0.6079747 0.4881939 0.5844962 0.4960826 0.596286 0.4842977 0.5844962 0.4960826 0.6079747 0.4881939 0.5961847 0.4999787 0.2119418 0.3218707 0.2181164 0.307299 0.2162535 0.3240835 0.2181164 0.307299 0.2119418 0.3218707 0.2134927 0.3078972 0.5929207 0.8926412 0.5645562 0.8738781 0.5754624 0.8706264 0.6071009 0.7033315 0.6119555 0.6822169 0.6287544 0.6822159 0.9658702 0.8696677 0.9658702 0.8555434 0.9771689 0.8698869 0.5166292 0.4988921 0.5128834 0.6506221 0.5048337 0.6507565 0.1515619 0.5740323 0.1515709 0.5859428 0.008150637 0.5828109 0.2890253 0.1169056 0.2935578 0.2096719 0.2890253 0.2110691 0.2935578 0.2096719 0.2890253 0.1169056 0.2935578 0.1183028 0.3046081 0.7751691 0.3181681 0.9276909 0.3062232 0.9270498 0.6274557 0.5154674 0.6117695 0.5155636 0.6235595 0.5037787 0.6117695 0.5155636 0.6274557 0.5154674 0.6156657 0.5272522 0.4836055 0.4995381 0.4767487 0.6513465 0.4767486 0.4996901 0.6639778 0.9009598 0.6632592 0.9558572 0.6502064 0.9011588 0.008161485 0.6068948 0.1515738 0.608031 0.008161485 0.6140043 0.1515738 0.608031 0.008161485 0.6068948 0.1515738 0.6002822 0.3374767 0.2241805 0.3291542 0.2161967 0.3343561 0.2148188 0.5185741 0.4824216 0.37524 0.4912962 0.3752728 0.4815173 0.4836055 0.4995381 0.4832015 0.6512019 0.4767487 0.6513465 0.3588198 0.00638777 0.3574461 0.001179277 0.3709669 0.005283474 0.2947329 0.7746515 0.3062232 0.9270498 0.2973862 0.9265869 0.6755456 0.8056843 0.730424 0.8064495 0.730434 0.8145262 0.8746082 0.0321089 0.8655756 0.04213953 0.8580384 0.03158068 0.9633003 0.592283 0.9632985 0.6063241 0.9519901 0.6065584 0.2365763 0.4800958 0.2914643 0.4801278 0.29148 0.4931712 0.2649407 0.424634 0.2365762 0.4433971 0.2540345 0.4213823 0.6590906 0.8376175 0.6412773 0.8474856 0.6425909 0.8381299 0.6412773 0.8474856 0.6590906 0.8376175 0.6577829 0.8470199 0.6519574 0.8187786 0.6406993 0.8288738 0.6354449 0.8193584 0.6406993 0.8288738 0.6519574 0.8187786 0.657202 0.8283144 0.87279 0.09066152 0.8562194 0.0901606 0.8478805 0.07964402 0.5075856 0.4990433 0.4950796 0.6509461 0.4967184 0.4992552 0.5645562 0.8738781 0.5428594 0.8693789 0.5594292 0.8688508 0.6755455 0.6750262 0.6697146 0.6822156 0.6697146 0.6750276 0.6697146 0.6822156 0.6755455 0.6750262 0.6755456 0.6822142 0.8584296 0.06091105 0.8419299 0.06039869 0.8438186 0.0510956 0.4508041 0.9411339 0.4641517 0.9413579 0.4514748 0.9960317 0.262745 0.5482942 0.2684057 0.554458 0.2615959 0.5541083 0.2684057 0.554458 0.262745 0.5482942 0.2695548 0.548644 0.7255268 0.3350116 0.8657138 0.4821428 0.7255268 0.4829989 0.8657138 0.4821428 0.7255268 0.3350116 0.8657138 0.3359919 0.3291542 0.2161967 0.3279749 0.2032297 0.3343561 0.2148188 0.5451422 0.8493047 0.5338841 0.8594 0.5286396 0.8498641 0.6755602 0.8248042 0.7304382 0.8250688 0.7304366 0.8384874 0.253637 0.5372672 0.2615213 0.5427701 0.2547115 0.5424204 0.2615213 0.5427701 0.253637 0.5372672 0.2604468 0.5376169 0.6755456 0.5779995 0.6697146 0.5851889 0.6697146 0.578001 0.6697146 0.5851889 0.6755456 0.5779995 0.6755455 0.5851875 0.6755887 0.9038821 0.7191529 0.8927658 0.7191673 0.9039276 0.7191529 0.8927658 0.6755887 0.9038821 0.6755743 0.8927203 0.6697146 0.6750276 0.6617596 0.6822163 0.6617596 0.6750283 0.6617596 0.6822163 0.6697146 0.6750276 0.6697146 0.6822156 0.6577829 0.8470199 0.6366234 0.8573086 0.6412773 0.8474856 0.6366234 0.8573086 0.6577829 0.8470199 0.65314 0.8568629 0.5773611 0 0.7206747 0.02183151 0.5773978 0.009855866 0.3752728 0.2539503 0.5185741 0.2570609 0.5186041 0.2646597 0.5740488 0.4732161 0.7173798 0.4651573 0.7173497 0.4741328 0.3337923 0.6009842 0.3279748 0.5937948 0.3337923 0.5937962 0.3279748 0.5937948 0.3337923 0.6009842 0.3279748 0.6009828</float_array>
          <technique_common>
            <accessor source="#disposal_bin-mesh-map-0-array" count="4128" stride="2">
              <param name="S" type="float"/>
              <param name="T" type="float"/>
            </accessor>
          </technique_common>
        </source>
        <vertices id="disposal_bin-mesh-vertices">
          <input semantic="POSITION" source="#disposal_bin-mesh-positions"/>
        </vertices>
        <triangles material="Material_001-material" count="1376">
          <input semantic="VERTEX" source="#disposal_bin-mesh-vertices" offset="0"/>
          <input semantic="NORMAL" source="#disposal_bin-mesh-normals" offset="1"/>
          <input semantic="TEXCOORD" source="#disposal_bin-mesh-map-0" offset="2" set="0"/>
          <p>0 0 0 1 0 1 2 0 2 0 1 3 2 1 4 3 1 5 4 2 6 5 2 7 6 2 8 5 3 9 4 3 10 7 3 11 8 4 12 9 4 13 10 4 14 11 5 15 12 5 16 13 5 17 14 6 18 15 6 19 16 6 20 17 7 21 18 7 22 19 7 23 20 8 24 7 8 25 4 8 26 7 9 27 20 9 28 21 9 29 22 10 30 23 10 31 24 10 32 25 11 33 26 11 34 27 11 35 28 12 36 29 12 37 30 12 38 29 13 39 28 13 40 31 13 41 32 14 42 33 14 43 34 14 44 35 15 45 36 15 46 37 15 47 38 16 48 39 16 49 40 16 50 39 17 51 38 17 52 41 17 53 39 18 54 41 18 55 42 18 56 42 19 57 41 19 58 43 19 59 43 20 60 41 20 61 44 20 62 43 21 63 44 21 64 45 21 65 43 22 66 45 22 67 46 22 68 46 23 69 45 23 70 47 23 71 48 24 72 49 24 73 50 24 74 49 25 75 48 25 76 51 25 77 49 26 78 51 26 79 52 26 80 52 27 81 51 27 82 53 27 83 53 28 84 51 28 85 54 28 86 54 29 87 51 29 88 55 29 89 56 30 90 51 30 91 57 30 92 51 31 93 56 31 94 58 31 95 59 32 96 60 32 97 61 32 98 60 33 99 59 33 100 48 33 101 60 34 102 48 34 103 62 34 104 62 35 105 48 35 106 50 35 107 62 36 108 50 36 109 63 36 110 62 37 111 63 37 112 64 37 113 64 38 114 63 38 115 65 38 116 64 39 117 65 39 118 66 39 119 66 40 120 65 40 121 55 40 122 66 41 123 55 41 124 51 41 125 66 42 126 51 42 127 58 42 128 66 43 129 58 43 130 67 43 131 68 44 132 69 44 133 70 44 134 69 45 135 68 45 136 53 45 137 69 46 138 53 46 139 71 46 140 71 47 141 53 47 142 54 47 143 72 48 144 73 48 145 74 48 146 73 49 147 72 49 148 75 49 149 76 50 150 74 50 151 73 50 152 74 51 153 76 51 154 77 51 155 78 52 156 79 52 157 80 52 158 79 53 159 78 53 160 81 53 161 33 54 162 82 54 163 34 54 164 83 55 165 84 55 166 85 55 167 86 56 168 87 56 169 88 56 170 89 57 171 90 57 172 91 57 173 92 58 174 93 58 175 94 58 176 17 59 177 95 59 178 96 59 179 97 60 180 98 60 181 99 60 182 98 61 183 97 61 184 100 61 185 101 62 186 102 62 187 103 62 188 102 63 189 101 63 190 104 63 191 22 64 192 24 64 193 105 64 194 21 65 195 106 65 196 7 65 197 106 66 198 21 66 199 107 66 200 108 67 201 109 67 202 110 67 203 111 68 204 112 68 205 113 68 206 114 69 207 115 69 208 116 69 209 14 70 210 117 70 211 15 70 212 88 71 213 118 71 214 86 71 215 119 72 216 120 72 217 121 72 218 120 73 219 119 73 220 122 73 221 123 74 222 124 74 223 14 74 224 125 75 225 126 75 226 127 75 227 126 76 228 125 76 229 128 76 230 129 77 231 130 77 232 131 77 233 130 78 234 129 78 235 132 78 236 133 79 237 134 79 238 135 79 239 119 80 240 136 80 241 137 80 242 136 81 243 119 81 244 121 81 245 138 82 246 139 82 247 140 82 248 139 83 249 138 83 250 141 83 251 142 84 252 143 84 253 144 84 254 143 85 255 145 85 256 146 85 257 145 86 258 143 86 259 142 86 260 147 87 261 148 87 262 149 87 263 150 88 264 151 88 265 152 88 266 151 89 267 150 89 268 153 89 269 76 90 270 154 90 271 77 90 272 154 91 273 76 91 274 155 91 275 156 92 276 157 92 277 20 92 278 157 93 279 156 93 280 158 93 281 86 94 282 159 94 283 87 94 284 160 95 285 107 95 286 21 95 287 107 96 288 160 96 289 161 96 290 162 97 291 163 97 292 26 97 293 164 98 294 165 98 295 166 98 296 167 99 297 168 99 298 169 99 299 116 100 300 115 100 301 170 100 302 171 101 303 72 101 304 172 101 305 72 102 306 171 102 307 75 102 308 173 103 309 174 103 310 175 103 311 174 104 312 173 104 313 176 104 314 177 105 315 22 105 316 105 105 317 178 106 318 81 106 319 78 106 320 81 107 321 178 107 322 179 107 323 180 108 324 181 108 325 182 108 326 181 109 327 180 109 328 183 109 329 184 110 330 181 110 331 183 110 332 185 111 333 186 111 334 187 111 335 5 112 336 188 112 337 189 112 338 188 113 339 5 113 340 190 113 341 25 114 342 27 114 343 191 114 344 47 115 345 35 115 346 46 115 347 35 116 348 47 116 349 192 116 350 193 117 351 194 117 352 195 117 353 194 118 354 193 118 355 196 118 356 197 119 357 198 119 358 199 119 359 175 120 360 200 120 361 173 120 362 201 121 363 89 121 364 91 121 365 202 122 366 203 122 367 204 122 368 205 123 369 206 123 370 207 123 371 206 124 372 205 124 373 117 124 374 208 125 375 111 125 376 113 125 377 111 126 378 208 126 379 209 126 380 169 127 381 168 127 382 210 127 383 211 128 384 212 128 385 213 128 386 212 129 387 211 129 388 214 129 389 215 130 390 216 130 391 217 130 392 218 131 393 109 131 394 219 131 395 36 132 396 220 132 397 221 132 398 220 133 399 36 133 400 222 133 401 223 134 402 224 134 403 225 134 404 226 135 405 227 135 406 228 135 407 229 136 408 230 136 409 231 136 410 103 137 411 232 137 412 101 137 413 232 138 414 103 138 415 233 138 416 216 139 417 234 139 418 217 139 419 167 140 420 235 140 421 168 140 422 236 141 423 237 141 424 238 141 425 237 142 426 236 142 427 142 142 428 239 143 429 227 143 430 226 143 431 240 144 432 241 144 433 235 144 434 241 145 435 240 145 436 242 145 437 40 146 438 94 146 439 38 146 440 243 147 441 244 147 442 245 147 443 244 148 444 243 148 445 246 148 446 124 149 447 247 149 448 248 149 449 249 150 450 250 150 451 251 150 452 250 151 453 249 151 454 252 151 455 253 152 456 254 152 457 255 152 458 246 153 459 256 153 460 244 153 461 256 154 462 246 154 463 257 154 464 258 155 465 259 155 466 260 155 467 261 156 468 224 156 469 262 156 470 263 157 471 264 157 472 265 157 473 264 158 474 263 158 475 266 158 476 267 159 477 268 159 478 269 159 479 161 160 480 160 160 481 270 160 482 271 161 483 92 161 484 272 161 485 242 162 486 273 162 487 274 162 488 275 163 489 276 163 490 277 163 491 276 164 492 275 164 493 278 164 494 279 165 495 280 165 496 281 165 497 49 166 498 282 166 499 50 166 500 282 167 501 49 167 502 283 167 503 284 168 504 285 168 505 286 168 506 285 169 507 284 169 508 287 169 509 288 170 510 289 170 511 290 170 512 291 171 513 292 171 514 293 171 515 294 172 516 295 172 517 296 172 518 123 173 519 14 173 520 16 173 521 71 174 522 297 174 523 298 174 524 297 175 525 71 175 526 54 175 527 173 176 528 299 176 529 11 176 530 300 177 531 301 177 532 302 177 533 92 178 534 303 178 535 304 178 536 305 179 537 306 179 538 307 179 539 278 180 540 308 180 541 276 180 542 308 181 543 278 181 544 214 181 545 309 182 546 87 182 547 310 182 548 87 183 549 309 183 550 311 183 551 312 184 552 303 184 553 271 184 554 313 185 555 314 185 556 315 185 557 314 186 558 313 186 559 316 186 560 183 187 561 317 187 562 318 187 563 317 188 564 183 188 565 319 188 566 320 189 567 321 189 568 322 189 569 212 190 570 214 190 571 278 190 572 41 191 573 38 191 574 323 191 575 324 192 576 325 192 577 326 192 578 325 193 579 324 193 580 327 193 581 328 194 582 329 194 583 269 194 584 321 195 585 330 195 586 322 195 587 331 196 588 294 196 589 296 196 590 332 197 591 333 197 592 334 197 593 335 198 594 336 198 595 337 198 596 231 199 597 338 199 598 339 199 599 340 200 600 341 200 601 169 200 602 341 201 603 340 201 604 189 201 605 342 202 606 343 202 607 344 202 608 345 203 609 346 203 610 347 203 611 346 204 612 345 204 613 348 204 614 349 205 615 350 205 616 351 205 617 350 206 618 349 206 619 352 206 620 353 207 621 6 207 622 354 207 623 204 208 624 203 208 625 355 208 626 356 209 627 357 209 628 358 209 629 339 210 630 359 210 631 215 210 632 360 211 633 332 211 634 361 211 635 15 212 636 249 212 637 251 212 638 240 213 639 235 213 640 167 213 641 362 214 642 363 214 643 364 214 644 363 215 645 362 215 646 365 215 647 132 216 648 129 216 649 366 216 650 367 217 651 28 217 652 30 217 653 28 218 654 367 218 655 368 218 656 113 219 657 360 219 658 361 219 659 359 220 660 216 220 661 215 220 662 369 221 663 370 221 664 371 221 665 103 222 666 1 222 667 233 222 668 1 223 669 103 223 670 2 223 671 372 224 672 165 224 673 164 224 674 40 225 675 124 225 676 272 225 677 124 226 678 40 226 679 39 226 680 305 227 681 307 227 682 331 227 683 373 228 684 68 228 685 70 228 686 68 229 687 373 229 688 374 229 689 338 230 690 359 230 691 339 230 692 356 231 693 366 231 694 357 231 695 375 232 696 60 232 697 62 232 698 60 233 699 375 233 700 376 233 701 275 234 702 218 234 703 278 234 704 224 235 705 377 235 706 225 235 707 378 236 708 379 236 709 380 236 710 96 237 711 381 237 712 17 237 713 382 238 714 303 238 715 383 238 716 384 239 717 364 239 718 385 239 719 364 240 720 384 240 721 362 240 722 321 241 723 386 241 724 330 241 725 26 242 726 163 242 727 387 242 728 388 243 729 379 243 730 378 243 731 389 244 732 390 244 733 391 244 734 392 245 735 393 245 736 394 245 737 393 246 738 392 246 739 390 246 740 393 247 741 390 247 742 389 247 743 393 248 744 389 248 745 395 248 746 393 249 747 395 249 748 18 249 749 18 250 750 395 250 751 396 250 752 18 251 753 396 251 754 19 251 755 19 252 756 396 252 757 397 252 758 19 253 759 397 253 760 95 253 761 95 254 762 397 254 763 398 254 764 95 255 765 398 255 766 399 255 767 399 256 768 398 256 769 400 256 770 400 257 771 398 257 772 401 257 773 400 258 774 401 258 775 402 258 776 402 259 777 401 259 778 403 259 779 402 260 780 403 260 781 404 260 782 404 261 783 403 261 784 405 261 785 404 262 786 405 262 787 406 262 788 406 263 789 405 263 790 407 263 791 406 264 792 407 264 793 408 264 794 408 265 795 407 265 796 409 265 797 408 266 798 409 266 799 410 266 800 410 267 801 409 267 802 411 267 803 410 268 804 411 268 805 412 268 806 410 269 807 412 269 808 413 269 809 413 270 810 412 270 811 185 270 812 413 271 813 185 271 814 370 271 815 370 272 816 185 272 817 414 272 818 370 273 819 414 273 820 415 273 821 415 274 822 414 274 823 159 274 824 415 275 825 159 275 826 86 275 827 415 276 828 416 276 829 417 276 830 416 277 831 415 277 832 86 277 833 386 278 834 202 278 835 418 278 836 419 279 837 420 279 838 421 279 839 303 280 840 422 280 841 383 280 842 418 281 843 202 281 844 204 281 845 423 282 846 424 282 847 425 282 848 260 283 849 186 283 850 426 283 851 186 284 852 260 284 853 427 284 854 354 285 855 6 285 856 340 285 857 344 286 858 343 286 859 428 286 860 270 287 861 160 287 862 139 287 863 267 288 864 429 288 865 430 288 866 429 289 867 267 289 868 431 289 869 180 290 870 319 290 871 183 290 872 319 291 873 180 291 874 36 291 875 36 292 876 180 292 877 222 292 878 222 293 879 180 293 880 432 293 881 222 294 882 432 294 883 385 294 884 222 295 885 385 295 886 363 295 887 363 296 888 385 296 889 364 296 890 299 297 891 12 297 892 11 297 893 152 298 894 176 298 895 433 298 896 434 299 897 427 299 898 259 299 899 329 300 900 435 300 901 267 300 902 436 301 903 427 301 904 434 301 905 286 302 906 437 302 907 438 302 908 437 303 909 286 303 910 285 303 911 12 304 912 439 304 913 13 304 914 17 305 915 224 305 916 223 305 917 440 306 918 441 306 919 442 306 920 230 307 921 338 307 922 231 307 923 443 308 924 444 308 925 445 308 926 444 309 927 443 309 928 446 309 929 441 310 930 447 310 931 369 310 932 448 311 933 449 311 934 450 311 935 449 312 936 448 312 937 451 312 938 452 313 939 453 313 940 454 313 941 453 314 942 452 314 943 455 314 944 163 315 945 371 315 946 387 315 947 254 316 948 456 316 949 255 316 950 228 317 951 406 317 952 226 317 953 309 318 954 436 318 955 434 318 956 457 319 957 138 319 958 79 319 959 147 320 960 458 320 961 148 320 962 459 321 963 460 321 964 461 321 965 462 322 966 463 322 967 464 322 968 463 323 969 462 323 970 465 323 971 440 324 972 239 324 973 441 324 974 466 325 975 467 325 976 468 325 977 469 326 978 27 326 979 114 326 980 35 327 981 37 327 982 470 327 983 227 328 984 471 328 985 472 328 986 39 329 987 473 329 988 124 329 989 473 330 990 39 330 991 42 330 992 153 331 993 474 331 994 151 331 995 474 332 996 153 332 997 420 332 998 475 333 999 476 333 1000 477 333 1001 476 334 1002 475 334 1003 478 334 1004 101 335 1005 479 335 1006 480 335 1007 479 336 1008 101 336 1009 232 336 1010 35 337 1011 32 337 1012 481 337 1013 482 338 1014 483 338 1015 484 338 1016 483 339 1017 482 339 1018 485 339 1019 210 340 1020 486 340 1021 203 340 1022 486 341 1023 210 341 1024 168 341 1025 163 342 1026 442 342 1027 371 342 1028 267 343 1029 430 343 1030 268 343 1031 369 344 1032 410 344 1033 413 344 1034 143 345 1035 146 345 1036 289 345 1037 487 346 1038 239 346 1039 440 346 1040 403 347 1041 488 347 1042 125 347 1043 386 348 1044 418 348 1045 330 348 1046 166 349 1047 311 349 1048 489 349 1049 160 350 1050 20 350 1051 157 350 1052 20 351 1053 160 351 1054 21 351 1055 223 352 1056 225 352 1057 490 352 1058 447 353 1059 408 353 1060 410 353 1061 170 354 1062 469 354 1063 116 354 1064 491 355 1065 492 355 1066 388 355 1067 132 356 1068 493 356 1069 494 356 1070 493 357 1071 132 357 1072 356 357 1073 414 358 1074 187 358 1075 310 358 1076 495 359 1077 112 359 1078 111 359 1079 266 360 1080 57 360 1081 51 360 1082 57 361 1083 266 361 1084 496 361 1085 497 362 1086 83 362 1087 464 362 1088 83 363 1089 497 363 1090 313 363 1091 498 364 1092 499 364 1093 221 364 1094 499 365 1095 498 365 1096 500 365 1097 266 366 1098 501 366 1099 264 366 1100 501 367 1101 266 367 1102 502 367 1103 502 368 1104 266 368 1105 503 368 1106 503 369 1107 266 369 1108 51 369 1109 502 370 1110 503 370 1111 504 370 1112 505 371 1113 20 371 1114 4 371 1115 20 372 1116 505 372 1117 156 372 1118 506 373 1119 507 373 1120 508 373 1121 507 374 1122 506 374 1123 509 374 1124 510 375 1125 511 375 1126 82 375 1127 35 376 1128 481 376 1129 36 376 1130 321 377 1131 156 377 1132 505 377 1133 156 378 1134 321 378 1135 320 378 1136 221 379 1137 122 379 1138 73 379 1139 122 380 1140 221 380 1141 100 380 1142 100 381 1143 221 381 1144 220 381 1145 73 382 1146 122 382 1147 76 382 1148 100 383 1149 220 383 1150 98 383 1151 98 384 1152 220 384 1153 512 384 1154 482 385 1155 181 385 1156 485 385 1157 181 386 1158 482 386 1159 73 386 1160 181 387 1161 73 387 1162 182 387 1163 73 388 1164 482 388 1165 513 388 1166 73 389 1167 513 389 1168 221 389 1169 182 390 1170 73 390 1171 75 390 1172 182 391 1173 75 391 1174 171 391 1175 182 392 1176 171 392 1177 514 392 1178 514 393 1179 171 393 1180 512 393 1181 514 394 1182 512 394 1183 384 394 1184 384 395 1185 512 395 1186 220 395 1187 384 396 1188 220 396 1189 365 396 1190 384 397 1191 365 397 1192 362 397 1193 122 398 1194 155 398 1195 76 398 1196 155 399 1197 122 399 1198 119 399 1199 155 400 1200 119 400 1201 515 400 1202 515 401 1203 119 401 1204 137 401 1205 498 402 1206 221 402 1207 513 402 1208 442 403 1209 441 403 1210 369 403 1211 226 404 1212 408 404 1213 447 404 1214 7 405 1215 190 405 1216 5 405 1217 190 406 1218 7 406 1219 106 406 1220 516 407 1221 374 407 1222 373 407 1223 374 408 1224 516 408 1225 517 408 1226 517 409 1227 516 409 1228 298 409 1229 517 410 1230 298 410 1231 297 410 1232 438 411 1233 284 411 1234 286 411 1235 284 412 1236 438 412 1237 263 412 1238 263 413 1239 438 413 1240 325 413 1241 263 414 1242 325 414 1243 282 414 1244 282 415 1245 325 415 1246 518 415 1247 518 416 1248 325 416 1249 327 416 1250 518 417 1251 327 417 1252 519 417 1253 519 418 1254 327 418 1255 520 418 1256 519 419 1257 520 419 1258 521 419 1259 521 420 1260 520 420 1261 266 420 1262 266 421 1263 520 421 1264 522 421 1265 522 422 1266 520 422 1267 523 422 1268 266 423 1269 524 423 1270 496 423 1271 524 424 1272 266 424 1273 522 424 1274 263 425 1275 283 425 1276 266 425 1277 283 426 1278 263 426 1279 282 426 1280 266 427 1281 283 427 1282 525 427 1283 266 428 1284 525 428 1285 517 428 1286 266 429 1287 517 429 1288 297 429 1289 266 430 1290 297 430 1291 521 430 1292 526 431 1293 141 431 1294 527 431 1295 472 432 1296 351 432 1297 404 432 1298 192 433 1299 528 433 1300 471 433 1301 227 434 1302 472 434 1303 228 434 1304 6 435 1305 189 435 1306 340 435 1307 189 436 1308 6 436 1309 5 436 1310 529 437 1311 9 437 1312 458 437 1313 479 438 1314 530 438 1315 480 438 1316 504 439 1317 503 439 1318 51 439 1319 369 440 1320 413 440 1321 370 440 1322 472 441 1323 404 441 1324 228 441 1325 242 442 1326 531 442 1327 273 442 1328 531 443 1329 242 443 1330 240 443 1331 480 444 1332 530 444 1333 532 444 1334 90 445 1335 177 445 1336 533 445 1337 49 446 1338 525 446 1339 283 446 1340 525 447 1341 49 447 1342 52 447 1343 534 448 1344 84 448 1345 535 448 1346 84 449 1347 534 449 1348 85 449 1349 517 450 1350 52 450 1351 53 450 1352 52 451 1353 517 451 1354 525 451 1355 523 452 1356 58 452 1357 522 452 1358 58 453 1359 523 453 1360 67 453 1361 270 454 1362 536 454 1363 161 454 1364 536 455 1365 270 455 1366 449 455 1367 161 456 1368 536 456 1369 367 456 1370 526 457 1371 449 457 1372 270 457 1373 449 458 1374 526 458 1375 527 458 1376 449 459 1377 527 459 1378 450 459 1379 481 460 1380 319 460 1381 36 460 1382 319 461 1383 481 461 1384 317 461 1385 317 462 1386 481 462 1387 537 462 1388 537 463 1389 481 463 1390 34 463 1391 537 464 1392 34 464 1393 421 464 1394 421 465 1395 34 465 1396 419 465 1397 419 466 1398 34 466 1399 82 466 1400 419 467 1401 82 467 1402 538 467 1403 538 468 1404 82 468 1405 511 468 1406 538 469 1407 511 469 1408 539 469 1409 539 470 1410 511 470 1411 540 470 1412 540 471 1413 511 471 1414 527 471 1415 527 472 1416 511 472 1417 450 472 1418 450 473 1419 511 473 1420 507 473 1421 507 474 1422 511 474 1423 541 474 1424 507 475 1425 541 475 1426 466 475 1427 507 476 1428 466 476 1429 508 476 1430 508 477 1431 466 477 1432 542 477 1433 542 478 1434 466 478 1435 543 478 1436 508 479 1437 542 479 1438 544 479 1439 508 480 1440 544 480 1441 29 480 1442 545 481 1443 546 481 1444 504 481 1445 546 482 1446 545 482 1447 547 482 1448 546 483 1449 547 483 1450 548 483 1451 546 484 1452 548 484 1453 343 484 1454 343 485 1455 548 485 1456 549 485 1457 343 486 1458 549 486 1459 188 486 1460 343 487 1461 188 487 1462 428 487 1463 428 488 1464 188 488 1465 190 488 1466 428 489 1467 190 489 1468 24 489 1469 24 490 1470 190 490 1471 106 490 1472 24 491 1473 106 491 1474 107 491 1475 24 492 1476 107 492 1477 161 492 1478 24 493 1479 161 493 1480 367 493 1481 24 494 1482 367 494 1483 30 494 1484 24 495 1485 30 495 1486 105 495 1487 105 496 1488 30 496 1489 533 496 1490 533 497 1491 30 497 1492 29 497 1493 533 498 1494 29 498 1495 201 498 1496 201 499 1497 29 499 1498 550 499 1499 550 500 1500 29 500 1501 544 500 1502 91 501 1503 533 501 1504 201 501 1505 104 502 1506 551 502 1507 102 502 1508 551 503 1509 104 503 1510 552 503 1511 551 504 1512 552 504 1513 553 504 1514 553 505 1515 552 505 1516 554 505 1517 553 506 1518 554 506 1519 213 506 1520 213 507 1521 554 507 1522 555 507 1523 213 508 1524 555 508 1525 211 508 1526 211 509 1527 555 509 1528 556 509 1529 33 510 1530 510 510 1531 82 510 1532 557 511 1533 558 511 1534 559 511 1535 558 512 1536 557 512 1537 560 512 1538 462 513 1539 464 513 1540 83 513 1541 329 514 1542 267 514 1543 269 514 1544 517 515 1545 68 515 1546 374 515 1547 68 516 1548 517 516 1549 53 516 1550 460 517 1551 561 517 1552 461 517 1553 239 518 1554 226 518 1555 447 518 1556 562 519 1557 563 519 1558 564 519 1559 371 520 1560 370 520 1561 415 520 1562 565 521 1563 194 521 1564 566 521 1565 194 522 1566 565 522 1567 195 522 1568 567 523 1569 568 523 1570 569 523 1571 568 524 1572 567 524 1573 570 524 1574 568 525 1575 570 525 1576 565 525 1577 565 526 1578 570 526 1579 571 526 1580 565 527 1581 571 527 1582 195 527 1583 195 528 1584 571 528 1585 572 528 1586 195 529 1587 572 529 1588 193 529 1589 193 530 1590 572 530 1591 573 530 1592 429 531 1593 426 531 1594 409 531 1595 550 532 1596 89 532 1597 201 532 1598 511 533 1599 574 533 1600 575 533 1601 576 534 1602 10 534 1603 529 534 1604 10 535 1605 576 535 1606 577 535 1607 577 536 1608 576 536 1609 444 536 1610 577 537 1611 444 537 1612 446 537 1613 577 538 1614 446 538 1615 578 538 1616 578 539 1617 446 539 1618 425 539 1619 425 540 1620 446 540 1621 579 540 1622 425 541 1623 579 541 1624 580 541 1625 11 542 1626 176 542 1627 173 542 1628 176 543 1629 11 543 1630 433 543 1631 307 544 1632 581 544 1633 294 544 1634 490 545 1635 225 545 1636 110 545 1637 582 546 1638 559 546 1639 558 546 1640 559 547 1641 582 547 1642 130 547 1643 344 548 1644 428 548 1645 583 548 1646 426 549 1647 186 549 1648 411 549 1649 307 550 1650 294 550 1651 331 550 1652 167 551 1653 531 551 1654 240 551 1655 531 552 1656 167 552 1657 584 552 1658 241 553 1659 242 553 1660 274 553 1661 585 554 1662 86 554 1663 118 554 1664 86 555 1665 585 555 1666 416 555 1667 430 556 1668 407 556 1669 405 556 1670 586 557 1671 179 557 1672 587 557 1673 179 558 1674 586 558 1675 588 558 1676 143 559 1677 289 559 1678 288 559 1679 443 560 1680 501 560 1681 502 560 1682 501 561 1683 443 561 1684 445 561 1685 226 562 1686 406 562 1687 408 562 1688 435 563 1689 258 563 1690 431 563 1691 588 564 1692 81 564 1693 179 564 1694 81 565 1695 588 565 1696 589 565 1697 477 566 1698 590 566 1699 591 566 1700 590 567 1701 477 567 1702 476 567 1703 592 568 1704 442 568 1705 162 568 1706 593 569 1707 199 569 1708 198 569 1709 426 570 1710 411 570 1711 409 570 1712 389 571 1713 305 571 1714 594 571 1715 548 572 1716 531 572 1717 584 572 1718 531 573 1719 548 573 1720 547 573 1721 595 574 1722 234 574 1723 596 574 1724 234 575 1725 595 575 1726 280 575 1727 391 576 1728 305 576 1729 389 576 1730 597 577 1731 471 577 1732 227 577 1733 560 578 1734 598 578 1735 558 578 1736 598 579 1737 560 579 1738 599 579 1739 459 580 1740 461 580 1741 209 580 1742 474 581 1743 587 581 1744 174 581 1745 453 582 1746 152 582 1747 433 582 1748 521 583 1749 65 583 1750 519 583 1751 65 584 1752 521 584 1753 55 584 1754 258 585 1755 260 585 1756 431 585 1757 541 586 1758 575 586 1759 467 586 1760 423 587 1761 328 587 1762 269 587 1763 429 588 1764 409 588 1765 407 588 1766 445 589 1767 600 589 1768 501 589 1769 601 590 1770 569 590 1771 602 590 1772 569 591 1773 601 591 1774 567 591 1775 340 592 1776 210 592 1777 354 592 1778 210 593 1779 340 593 1780 169 593 1781 383 594 1782 422 594 1783 96 594 1784 255 595 1785 603 595 1786 604 595 1787 603 596 1788 255 596 1789 456 596 1790 80 597 1791 140 597 1792 158 597 1793 140 598 1794 80 598 1795 138 598 1796 605 599 1797 606 599 1798 593 599 1799 607 600 1800 608 600 1801 609 600 1802 610 601 1803 611 601 1804 612 601 1805 56 602 1806 496 602 1807 524 602 1808 496 603 1809 56 603 1810 57 603 1811 613 604 1812 580 604 1813 579 604 1814 580 605 1815 613 605 1816 328 605 1817 488 606 1818 614 606 1819 149 606 1820 160 607 1821 157 607 1822 140 607 1823 532 608 1824 615 608 1825 480 608 1826 615 609 1827 532 609 1828 605 609 1829 615 610 1830 605 610 1831 593 610 1832 615 611 1833 593 611 1834 198 611 1835 615 612 1836 198 612 1837 563 612 1838 563 613 1839 198 613 1840 197 613 1841 563 614 1842 197 614 1843 581 614 1844 581 615 1845 197 615 1846 294 615 1847 294 616 1848 197 616 1849 616 616 1850 294 617 1851 616 617 1852 295 617 1853 295 618 1854 616 618 1855 617 618 1856 617 619 1857 616 619 1858 607 619 1859 617 620 1860 607 620 1861 618 620 1862 618 621 1863 607 621 1864 600 621 1865 618 622 1866 600 622 1867 147 622 1868 147 623 1869 600 623 1870 458 623 1871 619 624 1872 562 624 1873 620 624 1874 169 625 1875 584 625 1876 167 625 1877 584 626 1878 169 626 1879 341 626 1880 615 627 1881 562 627 1882 621 627 1883 389 628 1884 594 628 1885 395 628 1886 332 629 1887 279 629 1888 333 629 1889 279 630 1890 332 630 1891 622 630 1892 622 631 1893 332 631 1894 360 631 1895 622 632 1896 360 632 1897 217 632 1898 217 633 1899 360 633 1900 112 633 1901 217 634 1902 112 634 1903 215 634 1904 215 635 1905 112 635 1906 495 635 1907 215 636 1908 495 636 1909 339 636 1910 339 637 1911 495 637 1912 623 637 1913 339 638 1914 623 638 1915 231 638 1916 231 639 1917 623 639 1918 624 639 1919 231 640 1920 624 640 1921 229 640 1922 229 641 1923 624 641 1924 439 641 1925 229 642 1926 439 642 1927 302 642 1928 302 643 1929 439 643 1930 12 643 1931 302 644 1932 12 644 1933 300 644 1934 300 645 1935 12 645 1936 299 645 1937 300 646 1938 299 646 1939 355 646 1940 355 647 1941 299 647 1942 200 647 1943 355 648 1944 200 648 1945 204 648 1946 204 649 1947 200 649 1948 380 649 1949 204 650 1950 380 650 1951 418 650 1952 418 651 1953 380 651 1954 379 651 1955 418 652 1956 379 652 1957 330 652 1958 330 653 1959 379 653 1960 492 653 1961 330 654 1962 492 654 1963 322 654 1964 268 655 1965 430 655 1966 405 655 1967 457 656 1968 141 656 1969 138 656 1970 69 657 1971 298 657 1972 516 657 1973 298 658 1974 69 658 1975 71 658 1976 67 659 1977 520 659 1978 66 659 1979 520 660 1980 67 660 1981 523 660 1982 274 661 1983 610 661 1984 241 661 1985 610 662 1986 274 662 1987 611 662 1988 170 663 1989 566 663 1990 469 663 1991 625 664 1992 255 664 1993 604 664 1994 255 665 1995 625 665 1996 626 665 1997 627 666 1998 416 666 1999 114 666 2000 603 667 2001 595 667 2002 628 667 2003 595 668 2004 603 668 2005 629 668 2006 589 669 2007 79 669 2008 81 669 2009 79 670 2010 589 670 2011 457 670 2012 423 671 2013 425 671 2014 580 671 2015 160 672 2016 140 672 2017 139 672 2018 130 673 2019 494 673 2020 559 673 2021 494 674 2022 130 674 2023 132 674 2024 235 675 2025 230 675 2026 301 675 2027 230 676 2028 235 676 2029 610 676 2030 230 677 2031 610 677 2032 357 677 2033 610 678 2034 235 678 2035 241 678 2036 605 679 2037 630 679 2038 606 679 2039 613 680 2040 502 680 2041 504 680 2042 480 681 2043 104 681 2044 101 681 2045 104 682 2046 480 682 2047 552 682 2048 614 683 2049 403 683 2050 401 683 2051 631 684 2052 166 684 2053 489 684 2054 27 685 2055 627 685 2056 114 685 2057 336 686 2058 335 686 2059 398 686 2060 603 687 2061 598 687 2062 604 687 2063 598 688 2064 603 688 2065 628 688 2066 456 689 2067 534 689 2068 535 689 2069 338 690 2070 129 690 2071 359 690 2072 129 691 2073 338 691 2074 366 691 2075 423 692 2076 632 692 2077 126 692 2078 168 693 2079 301 693 2080 486 693 2081 301 694 2082 168 694 2083 235 694 2084 342 695 2085 546 695 2086 343 695 2087 27 696 2088 26 696 2089 627 696 2090 274 697 2091 273 697 2092 633 697 2093 583 698 2094 24 698 2095 23 698 2096 405 699 2097 127 699 2098 268 699 2099 194 700 2100 544 700 2101 542 700 2102 583 701 2103 428 701 2104 24 701 2105 632 702 2106 423 702 2107 269 702 2108 268 703 2109 127 703 2110 126 703 2111 395 704 2112 594 704 2113 634 704 2114 342 705 2115 328 705 2116 613 705 2117 328 706 2118 342 706 2119 329 706 2120 329 707 2121 342 707 2122 435 707 2123 435 708 2124 342 708 2125 258 708 2126 258 709 2127 342 709 2128 344 709 2129 258 710 2130 344 710 2131 259 710 2132 259 711 2133 344 711 2134 583 711 2135 259 712 2136 583 712 2137 434 712 2138 434 713 2139 583 713 2140 635 713 2141 635 714 2142 583 714 2143 23 714 2144 635 715 2145 23 715 2146 489 715 2147 489 716 2148 23 716 2149 631 716 2150 631 717 2151 23 717 2152 89 717 2153 89 718 2154 23 718 2155 22 718 2156 89 719 2157 22 719 2158 177 719 2159 89 720 2160 177 720 2161 90 720 2162 593 721 2163 606 721 2164 199 721 2165 591 722 2166 636 722 2167 637 722 2168 636 723 2169 591 723 2170 590 723 2171 532 724 2172 530 724 2173 630 724 2174 549 725 2175 584 725 2176 341 725 2177 584 726 2178 549 726 2179 548 726 2180 550 727 2181 196 727 2182 638 727 2183 196 728 2184 550 728 2185 544 728 2186 443 729 2187 579 729 2188 446 729 2189 579 730 2190 443 730 2191 613 730 2192 451 731 2193 368 731 2194 639 731 2195 368 732 2196 451 732 2197 448 732 2198 368 733 2199 448 733 2200 28 733 2201 28 734 2202 448 734 2203 509 734 2204 28 735 2205 509 735 2206 31 735 2207 31 736 2208 509 736 2209 506 736 2210 615 737 2211 563 737 2212 562 737 2213 573 738 2214 196 738 2215 193 738 2216 196 739 2217 573 739 2218 638 739 2219 420 740 2220 587 740 2221 474 740 2222 587 741 2223 420 741 2224 586 741 2225 637 742 2226 640 742 2227 641 742 2228 640 743 2229 637 743 2230 636 743 2231 188 744 2232 341 744 2233 189 744 2234 341 745 2235 188 745 2236 549 745 2237 547 746 2238 273 746 2239 531 746 2240 273 747 2241 547 747 2242 545 747 2243 31 748 2244 508 748 2245 29 748 2246 508 749 2247 31 749 2248 506 749 2249 268 750 2250 632 750 2251 269 750 2252 564 751 2253 581 751 2254 307 751 2255 175 752 2256 642 752 2257 378 752 2258 642 753 2259 175 753 2260 174 753 2261 607 754 2262 609 754 2263 600 754 2264 629 755 2265 280 755 2266 595 755 2267 280 756 2268 629 756 2269 281 756 2270 268 757 2271 126 757 2272 632 757 2273 387 758 2274 417 758 2275 627 758 2276 621 759 2277 562 759 2278 619 759 2279 88 760 2280 165 760 2281 372 760 2282 229 761 2283 301 761 2284 230 761 2285 301 762 2286 229 762 2287 302 762 2288 403 763 2289 127 763 2290 405 763 2291 127 764 2292 403 764 2293 125 764 2294 600 765 2295 609 765 2296 264 765 2297 588 766 2298 540 766 2299 589 766 2300 540 767 2301 588 767 2302 539 767 2303 378 768 2304 178 768 2305 388 768 2306 178 769 2307 378 769 2308 642 769 2309 620 770 2310 390 770 2311 277 770 2312 494 771 2313 557 771 2314 559 771 2315 557 772 2316 494 772 2317 643 772 2318 277 773 2319 276 773 2320 620 773 2321 114 774 2322 416 774 2323 585 774 2324 425 775 2325 424 775 2326 578 775 2327 9 776 2328 148 776 2329 458 776 2330 600 777 2331 529 777 2332 458 777 2333 529 778 2334 600 778 2335 576 778 2336 534 779 2337 456 779 2338 254 779 2339 596 780 2340 216 780 2341 131 780 2342 216 781 2343 596 781 2344 234 781 2345 9 782 2346 8 782 2347 128 782 2348 128 783 2349 125 783 2350 488 783 2351 644 784 2352 488 784 2353 148 784 2354 564 785 2355 563 785 2356 581 785 2357 449 786 2358 639 786 2359 536 786 2360 639 787 2361 449 787 2362 451 787 2363 395 788 2364 634 788 2365 396 788 2366 621 789 2367 556 789 2368 555 789 2369 556 790 2370 621 790 2371 308 790 2372 456 791 2373 629 791 2374 603 791 2375 629 792 2376 456 792 2377 535 792 2378 148 793 2379 488 793 2380 149 793 2381 56 794 2382 522 794 2383 58 794 2384 522 795 2385 56 795 2386 524 795 2387 634 796 2388 397 796 2389 396 796 2390 276 797 2391 619 797 2392 620 797 2393 469 798 2394 114 798 2395 116 798 2396 335 799 2397 401 799 2398 398 799 2399 615 800 2400 555 800 2401 554 800 2402 555 801 2403 615 801 2404 621 801 2405 577 802 2406 424 802 2407 8 802 2408 424 803 2409 577 803 2410 578 803 2411 617 804 2412 618 804 2413 337 804 2414 445 805 2415 576 805 2416 600 805 2417 576 806 2418 445 806 2419 444 806 2420 618 807 2421 147 807 2422 149 807 2423 230 808 2424 366 808 2425 338 808 2426 366 809 2427 230 809 2428 357 809 2429 577 810 2430 8 810 2431 10 810 2432 471 811 2433 528 811 2434 645 811 2435 128 812 2436 488 812 2437 644 812 2438 250 813 2439 208 813 2440 646 813 2441 306 814 2442 620 814 2443 564 814 2444 423 815 2445 126 815 2446 424 815 2447 371 816 2448 415 816 2449 387 816 2450 430 817 2451 429 817 2452 407 817 2453 600 818 2454 264 818 2455 501 818 2456 532 819 2457 630 819 2458 605 819 2459 628 820 2460 558 820 2461 598 820 2462 558 821 2463 628 821 2464 582 821 2465 599 822 2466 604 822 2467 598 822 2468 604 823 2469 599 823 2470 625 823 2471 647 824 2472 648 824 2473 649 824 2474 648 825 2475 647 825 2476 650 825 2477 79 826 2478 138 826 2479 80 826 2480 9 827 2481 128 827 2482 644 827 2483 359 828 2484 131 828 2485 216 828 2486 131 829 2487 359 829 2488 129 829 2489 191 830 2490 469 830 2491 566 830 2492 628 831 2493 596 831 2494 582 831 2495 596 832 2496 628 832 2497 595 832 2498 443 833 2499 502 833 2500 613 833 2501 328 834 2502 423 834 2503 580 834 2504 391 835 2505 306 835 2506 305 835 2507 586 836 2508 539 836 2509 588 836 2510 539 837 2511 586 837 2512 538 837 2513 50 838 2514 518 838 2515 63 838 2516 518 839 2517 50 839 2518 282 839 2519 612 840 2520 357 840 2521 610 840 2522 357 841 2523 612 841 2524 358 841 2525 511 842 2526 575 842 2527 541 842 2528 128 843 2529 424 843 2530 126 843 2531 424 844 2532 128 844 2533 8 844 2534 380 845 2535 200 845 2536 175 845 2537 356 846 2538 648 846 2539 493 846 2540 648 847 2541 356 847 2542 358 847 2543 390 848 2544 275 848 2545 277 848 2546 275 849 2547 390 849 2548 392 849 2549 335 850 2550 614 850 2551 401 850 2552 9 851 2553 529 851 2554 10 851 2555 354 852 2556 203 852 2557 202 852 2558 203 853 2559 354 853 2560 210 853 2561 390 854 2562 620 854 2563 306 854 2564 276 855 2565 621 855 2566 619 855 2567 336 856 2568 397 856 2569 634 856 2570 516 857 2571 70 857 2572 69 857 2573 70 858 2574 516 858 2575 373 858 2576 26 859 2577 387 859 2578 627 859 2579 592 860 2580 440 860 2581 442 860 2582 262 861 2583 224 861 2584 381 861 2585 421 862 2586 420 862 2587 153 862 2588 200 863 2589 299 863 2590 173 863 2591 455 864 2592 651 864 2593 183 864 2594 466 865 2595 468 865 2596 543 865 2597 491 866 2598 322 866 2599 492 866 2600 322 867 2601 491 867 2602 320 867 2603 617 868 2604 337 868 2605 652 868 2606 620 869 2607 562 869 2608 564 869 2609 194 870 2610 196 870 2611 544 870 2612 487 871 2613 227 871 2614 239 871 2615 527 872 2616 141 872 2617 457 872 2618 642 873 2619 179 873 2620 178 873 2621 179 874 2622 642 874 2623 587 874 2624 623 875 2625 495 875 2626 653 875 2627 152 876 2628 151 876 2629 176 876 2630 616 877 2631 654 877 2632 608 877 2633 650 878 2634 493 878 2635 648 878 2636 493 879 2637 650 879 2638 655 879 2639 308 880 2640 621 880 2641 276 880 2642 613 881 2643 546 881 2644 342 881 2645 151 882 2646 174 882 2647 176 882 2648 174 883 2649 151 883 2650 474 883 2651 556 884 2652 214 884 2653 211 884 2654 214 885 2655 556 885 2656 308 885 2657 191 886 2658 27 886 2659 469 886 2660 568 887 2661 566 887 2662 170 887 2663 566 888 2664 568 888 2665 565 888 2666 332 889 2667 334 889 2668 361 889 2669 589 890 2670 527 890 2671 457 890 2672 527 891 2673 589 891 2674 540 891 2675 388 892 2676 492 892 2677 379 892 2678 320 893 2679 158 893 2680 156 893 2681 158 894 2682 320 894 2683 491 894 2684 158 895 2685 491 895 2686 80 895 2687 80 896 2688 491 896 2689 78 896 2690 197 897 2691 654 897 2692 616 897 2693 336 898 2694 398 898 2695 397 898 2696 228 899 2697 404 899 2698 406 899 2699 472 900 2700 471 900 2701 645 900 2702 613 901 2703 504 901 2704 546 901 2705 656 902 2706 623 902 2707 653 902 2708 455 903 2709 452 903 2710 651 903 2711 192 904 2712 32 904 2713 35 904 2714 32 905 2715 192 905 2716 597 905 2717 32 906 2718 597 906 2719 487 906 2720 32 907 2721 487 907 2722 440 907 2723 32 908 2724 440 908 2725 33 908 2726 33 909 2727 440 909 2728 592 909 2729 33 910 2730 592 910 2731 510 910 2732 510 911 2733 592 911 2734 162 911 2735 510 912 2736 162 912 2737 25 912 2738 510 913 2739 25 913 2740 574 913 2741 574 914 2742 25 914 2743 191 914 2744 574 915 2745 191 915 2746 566 915 2747 574 916 2748 566 916 2749 194 916 2750 574 917 2751 194 917 2752 575 917 2753 575 918 2754 194 918 2755 467 918 2756 467 919 2757 194 919 2758 468 919 2759 358 920 2760 649 920 2761 648 920 2762 649 921 2763 358 921 2764 612 921 2765 657 922 2766 15 922 2767 251 922 2768 614 923 2769 488 923 2770 403 923 2771 442 924 2772 163 924 2773 162 924 2774 618 925 2775 149 925 2776 337 925 2777 254 926 2778 85 926 2779 534 926 2780 85 927 2781 254 927 2782 462 927 2783 624 928 2784 623 928 2785 656 928 2786 420 929 2787 538 929 2788 586 929 2789 538 930 2790 420 930 2791 419 930 2792 509 931 2793 450 931 2794 507 931 2795 450 932 2796 509 932 2797 448 932 2798 627 933 2799 417 933 2800 416 933 2801 640 934 2802 658 934 2803 641 934 2804 658 935 2805 640 935 2806 659 935 2807 519 936 2808 63 936 2809 518 936 2810 63 937 2811 519 937 2812 65 937 2813 616 938 2814 608 938 2815 607 938 2816 615 939 2817 552 939 2818 480 939 2819 552 940 2820 615 940 2821 554 940 2822 631 941 2823 570 941 2824 164 941 2825 570 942 2826 631 942 2827 571 942 2828 185 943 2829 412 943 2830 186 943 2831 387 944 2832 415 944 2833 417 944 2834 247 945 2835 499 945 2836 248 945 2837 499 946 2838 247 946 2839 37 946 2840 499 947 2841 37 947 2842 221 947 2843 221 948 2844 37 948 2845 36 948 2846 597 949 2847 227 949 2848 487 949 2849 655 950 2850 494 950 2851 493 950 2852 494 951 2853 655 951 2854 643 951 2855 186 952 2856 412 952 2857 411 952 2858 601 953 2859 372 953 2860 164 953 2861 318 954 2862 537 954 2863 150 954 2864 537 955 2865 318 955 2866 317 955 2867 390 956 2868 306 956 2869 391 956 2870 141 957 2871 270 957 2872 139 957 2873 270 958 2874 141 958 2875 526 958 2876 197 959 2877 199 959 2878 654 959 2879 543 960 2880 468 960 2881 194 960 2882 150 961 2883 421 961 2884 153 961 2885 421 962 2886 150 962 2887 537 962 2888 333 963 2889 660 963 2890 334 963 2891 541 964 2892 467 964 2893 466 964 2894 145 965 2895 485 965 2896 181 965 2897 485 966 2898 145 966 2899 483 966 2900 653 967 2901 495 967 2902 111 967 2903 453 968 2904 433 968 2905 454 968 2906 157 969 2907 158 969 2908 140 969 2909 192 970 2910 471 970 2911 597 970 2912 311 971 2913 88 971 2914 87 971 2915 441 972 2916 239 972 2917 447 972 2918 386 973 2919 505 973 2920 353 973 2921 505 974 2922 386 974 2923 321 974 2924 114 975 2925 585 975 2926 115 975 2927 442 976 2928 369 976 2929 371 976 2930 13 977 2931 433 977 2932 11 977 2933 433 978 2934 13 978 2935 454 978 2936 88 979 2937 372 979 2938 118 979 2939 177 980 2940 105 980 2941 533 980 2942 32 981 2943 34 981 2944 481 981 2945 311 982 2946 309 982 2947 635 982 2948 100 983 2949 120 983 2950 122 983 2951 120 984 2952 100 984 2953 97 984 2954 170 985 2955 115 985 2956 602 985 2957 661 986 2958 110 986 2959 109 986 2960 110 987 2961 661 987 2962 490 987 2963 159 988 2964 414 988 2965 310 988 2966 500 989 2967 513 989 2968 662 989 2969 513 990 2970 500 990 2971 498 990 2972 644 991 2973 148 991 2974 9 991 2975 89 992 2976 571 992 2977 631 992 2978 571 993 2979 89 993 2980 572 993 2981 112 994 2982 360 994 2983 113 994 2984 166 995 2985 88 995 2986 311 995 2987 311 996 2988 635 996 2989 489 996 2990 124 997 2991 248 997 2992 14 997 2993 543 998 2994 194 998 2995 542 998 2996 463 999 2997 497 999 2998 464 999 2999 497 1000 3000 463 1000 3001 663 1000 3002 206 1001 3003 117 1001 3004 14 1001 3005 649 1002 3006 611 1002 3007 664 1002 3008 208 1003 3009 252 1003 3010 209 1003 3011 252 1004 3012 208 1004 3013 250 1004 3014 665 1005 3015 98 1005 3016 512 1005 3017 98 1006 3018 665 1006 3019 99 1006 3020 318 1007 3021 455 1007 3022 183 1007 3023 455 1008 3024 318 1008 3025 453 1008 3026 314 1009 3027 361 1009 3028 334 1009 3029 361 1010 3030 314 1010 3031 666 1010 3032 94 1011 3033 93 1011 3034 352 1011 3035 490 1012 3036 661 1012 3037 394 1012 3038 333 1013 3039 281 1013 3040 660 1013 3041 281 1014 3042 333 1014 3043 279 1014 3044 569 1015 3045 170 1015 3046 602 1015 3047 170 1016 3048 569 1016 3049 568 1016 3050 484 1017 3051 513 1017 3052 482 1017 3053 513 1018 3054 484 1018 3055 662 1018 3056 154 1019 3057 120 1019 3058 77 1019 3059 120 1020 3060 154 1020 3061 121 1020 3062 121 1021 3063 154 1021 3064 667 1021 3065 121 1022 3066 667 1022 3067 136 1022 3068 145 1023 3069 484 1023 3070 483 1023 3071 484 1024 3072 145 1024 3073 74 1024 3074 74 1025 3075 145 1025 3076 142 1025 3077 484 1026 3078 74 1026 3079 662 1026 3080 662 1027 3081 74 1027 3082 499 1027 3083 74 1028 3084 142 1028 3085 72 1028 3086 72 1029 3087 142 1029 3088 172 1029 3089 172 1030 3090 142 1030 3091 236 1030 3092 172 1031 3093 236 1031 3094 665 1031 3095 665 1032 3096 236 1032 3097 245 1032 3098 665 1033 3099 245 1033 3100 668 1033 3101 668 1034 3102 245 1034 3103 256 1034 3104 256 1035 3105 245 1035 3106 244 1035 3107 499 1036 3108 97 1036 3109 668 1036 3110 97 1037 3111 499 1037 3112 120 1037 3113 120 1038 3114 499 1038 3115 74 1038 3116 120 1039 3117 74 1039 3118 77 1039 3119 668 1040 3120 97 1040 3121 99 1040 3122 668 1041 3123 99 1041 3124 665 1041 3125 500 1042 3126 662 1042 3127 499 1042 3128 669 1043 3129 663 1043 3130 133 1043 3131 202 1044 3132 353 1044 3133 354 1044 3134 353 1045 3135 202 1045 3136 386 1045 3137 253 1046 3138 462 1046 3139 254 1046 3140 462 1047 3141 253 1047 3142 465 1047 3143 207 1048 3144 459 1048 3145 205 1048 3146 459 1049 3147 207 1049 3148 460 1049 3149 657 1050 3150 670 1050 3151 293 1050 3152 90 1051 3153 533 1051 3154 91 1051 3155 318 1052 3156 152 1052 3157 453 1052 3158 152 1053 3159 318 1053 3160 150 1053 3161 257 1054 3162 668 1054 3163 256 1054 3164 668 1055 3165 257 1055 3166 671 1055 3167 535 1056 3168 281 1056 3169 629 1056 3170 281 1057 3171 535 1057 3172 660 1057 3173 660 1058 3174 535 1058 3175 84 1058 3176 660 1059 3177 84 1059 3178 315 1059 3179 287 1060 3180 437 1060 3181 285 1060 3182 437 1061 3183 287 1061 3184 265 1061 3185 437 1062 3186 265 1062 3187 326 1062 3188 326 1063 3189 265 1063 3190 264 1063 3191 326 1064 3192 264 1064 3193 324 1064 3194 324 1065 3195 264 1065 3196 649 1065 3197 649 1066 3198 264 1066 3199 647 1066 3200 89 1067 3201 573 1067 3202 572 1067 3203 573 1068 3204 89 1068 3205 638 1068 3206 639 1069 3207 367 1069 3208 536 1069 3209 367 1070 3210 639 1070 3211 368 1070 3212 42 1071 3213 470 1071 3214 473 1071 3215 470 1072 3216 42 1072 3217 43 1072 3218 209 1073 3219 653 1073 3220 111 1073 3221 653 1074 3222 209 1074 3223 461 1074 3224 672 1075 3225 313 1075 3226 497 1075 3227 313 1076 3228 672 1076 3229 316 1076 3230 248 1077 3231 143 1077 3232 673 1077 3233 143 1078 3234 248 1078 3235 144 1078 3236 144 1079 3237 248 1079 3238 671 1079 3239 144 1080 3240 671 1080 3241 237 1080 3242 237 1081 3243 671 1081 3244 238 1081 3245 238 1082 3246 671 1082 3247 243 1082 3248 243 1083 3249 671 1083 3250 257 1083 3251 243 1084 3252 257 1084 3253 246 1084 3254 162 1085 3255 26 1085 3256 25 1085 3257 414 1086 3258 185 1086 3259 187 1086 3260 249 1087 3261 117 1087 3262 205 1087 3263 117 1088 3264 249 1088 3265 15 1088 3266 353 1089 3267 4 1089 3268 6 1089 3269 4 1090 3270 353 1090 3271 505 1090 3272 16 1091 3273 657 1091 3274 293 1091 3275 137 1092 3276 667 1092 3277 515 1092 3278 667 1093 3279 137 1093 3280 136 1093 3281 388 1094 3282 78 1094 3283 491 1094 3284 78 1095 3285 388 1095 3286 178 1095 3287 666 1096 3288 113 1096 3289 361 1096 3290 113 1097 3291 666 1097 3292 208 1097 3293 203 1098 3294 486 1098 3295 355 1098 3296 633 1099 3297 273 1099 3298 66 1099 3299 66 1100 3300 674 1100 3301 64 1100 3302 674 1101 3303 66 1101 3304 273 1101 3305 166 1102 3306 165 1102 3307 88 1102 3308 247 1103 3309 470 1103 3310 37 1103 3311 470 1104 3312 247 1104 3313 473 1104 3314 550 1105 3315 638 1105 3316 89 1105 3317 633 1106 3318 611 1106 3319 274 1106 3320 611 1107 3321 633 1107 3322 664 1107 3323 664 1108 3324 633 1108 3325 66 1108 3326 664 1109 3327 66 1109 3328 520 1109 3329 159 1110 3330 310 1110 3331 87 1110 3332 675 1111 3333 1 1111 3334 0 1111 3335 293 1112 3336 670 1112 3337 669 1112 3338 656 1113 3339 454 1113 3340 13 1113 3341 454 1114 3342 656 1114 3343 290 1114 3344 290 1115 3345 656 1115 3346 561 1115 3347 454 1116 3348 290 1116 3349 452 1116 3350 289 1117 3351 184 1117 3352 651 1117 3353 184 1118 3354 289 1118 3355 146 1118 3356 184 1119 3357 146 1119 3358 181 1119 3359 181 1120 3360 146 1120 3361 145 1120 3362 574 1121 3363 511 1121 3364 510 1121 3365 248 1122 3366 206 1122 3367 14 1122 3368 206 1123 3369 248 1123 3370 673 1123 3371 164 1124 3372 567 1124 3373 601 1124 3374 567 1125 3375 164 1125 3376 570 1125 3377 164 1126 3378 166 1126 3379 631 1126 3380 133 1127 3381 135 1127 3382 676 1127 3383 677 1128 3384 349 1128 3385 528 1128 3386 649 1129 3387 612 1129 3388 611 1129 3389 309 1130 3390 434 1130 3391 635 1130 3392 207 1131 3393 673 1131 3394 143 1131 3395 673 1132 3396 207 1132 3397 206 1132 3398 17 1133 3399 223 1133 3400 18 1133 3401 369 1134 3402 447 1134 3403 410 1134 3404 472 1135 3405 645 1135 3406 349 1135 3407 678 1136 3408 212 1136 3409 278 1136 3410 372 1137 3411 585 1137 3412 118 1137 3413 585 1138 3414 372 1138 3415 115 1138 3416 134 1139 3417 679 1139 3418 135 1139 3419 47 1140 3420 45 1140 3421 528 1140 3422 377 1141 3423 108 1141 3424 110 1141 3425 680 1142 3426 3 1142 3427 2 1142 3428 3 1143 3429 680 1143 3430 679 1143 3431 679 1144 3432 680 1144 3433 135 1144 3434 135 1145 3435 680 1145 3436 676 1145 3437 676 1146 3438 680 1146 3439 681 1146 3440 676 1147 3441 681 1147 3442 291 1147 3443 291 1148 3444 681 1148 3445 108 1148 3446 291 1149 3447 108 1149 3448 377 1149 3449 291 1150 3450 377 1150 3451 292 1150 3452 292 1151 3453 377 1151 3454 261 1151 3455 292 1152 3456 261 1152 3457 262 1152 3458 292 1153 3459 262 1153 3460 123 1153 3461 123 1154 3462 262 1154 3463 312 1154 3464 123 1155 3465 312 1155 3466 124 1155 3467 124 1156 3468 312 1156 3469 271 1156 3470 124 1157 3471 271 1157 3472 272 1157 3473 17 1158 3474 381 1158 3475 224 1158 3476 626 1159 3477 253 1159 3478 255 1159 3479 143 1160 3480 460 1160 3481 207 1160 3482 460 1161 3483 143 1161 3484 288 1161 3485 85 1162 3486 462 1162 3487 83 1162 3488 212 1163 3489 678 1163 3490 219 1163 3491 261 1164 3492 377 1164 3493 224 1164 3494 352 1165 3495 93 1165 3496 304 1165 3497 45 1166 3498 44 1166 3499 677 1166 3500 108 1167 3501 681 1167 3502 109 1167 3503 172 1168 3504 512 1168 3505 171 1168 3506 512 1169 3507 172 1169 3508 665 1169 3509 142 1170 3510 144 1170 3511 237 1170 3512 670 1171 3513 251 1171 3514 682 1171 3515 251 1172 3516 670 1172 3517 657 1172 3518 278 1173 3519 218 1173 3520 678 1173 3521 149 1174 3522 335 1174 3523 337 1174 3524 102 1175 3525 2 1175 3526 103 1175 3527 2 1176 3528 102 1176 3529 551 1176 3530 271 1177 3531 303 1177 3532 92 1177 3533 292 1178 3534 16 1178 3535 293 1178 3536 528 1179 3537 349 1179 3538 645 1179 3539 622 1180 3540 234 1180 3541 280 1180 3542 315 1181 3543 334 1181 3544 660 1181 3545 334 1182 3546 315 1182 3547 314 1182 3548 678 1183 3549 218 1183 3550 219 1183 3551 93 1184 3552 92 1184 3553 304 1184 3554 96 1185 3555 95 1185 3556 399 1185 3557 617 1186 3558 652 1186 3559 295 1186 3560 663 1187 3561 672 1187 3562 497 1187 3563 672 1188 3564 663 1188 3565 669 1188 3566 293 1189 3567 669 1189 3568 133 1189 3569 192 1190 3570 47 1190 3571 528 1190 3572 154 1191 3573 515 1191 3574 667 1191 3575 515 1192 3576 154 1192 3577 155 1192 3578 520 1193 3579 649 1193 3580 664 1193 3581 649 1194 3582 520 1194 3583 327 1194 3584 327 1195 3585 324 1195 3586 649 1195 3587 461 1196 3588 656 1196 3589 653 1196 3590 656 1197 3591 461 1197 3592 561 1197 3593 48 1198 3594 504 1198 3595 51 1198 3596 504 1199 3597 48 1199 3598 683 1199 3599 248 1200 3600 668 1200 3601 671 1200 3602 668 1201 3603 248 1201 3604 499 1201 3605 376 1202 3606 684 1202 3607 685 1202 3608 684 1203 3609 376 1203 3610 683 1203 3611 683 1204 3612 376 1204 3613 375 1204 3614 683 1205 3615 375 1205 3616 504 1205 3617 504 1206 3618 375 1206 3619 674 1206 3620 504 1207 3621 674 1207 3622 273 1207 3623 504 1208 3624 273 1208 3625 545 1208 3626 291 1209 3627 293 1209 3628 133 1209 3629 323 1210 3630 38 1210 3631 94 1210 3632 681 1211 3633 680 1211 3634 219 1211 3635 13 1212 3636 624 1212 3637 656 1212 3638 624 1213 3639 13 1213 3640 439 1213 3641 213 1214 3642 680 1214 3643 553 1214 3644 680 1215 3645 213 1215 3646 212 1215 3647 262 1216 3648 381 1216 3649 422 1216 3650 251 1217 3651 646 1217 3652 682 1217 3653 646 1218 3654 251 1218 3655 250 1218 3656 83 1219 3657 315 1219 3658 84 1219 3659 315 1220 3660 83 1220 3661 313 1220 3662 377 1221 3663 110 1221 3664 225 1221 3665 217 1222 3666 234 1222 3667 622 1222 3668 661 1223 3669 392 1223 3670 394 1223 3671 218 1224 3672 275 1224 3673 392 1224 3674 383 1225 3675 399 1225 3676 400 1225 3677 634 1226 3678 594 1226 3679 296 1226 3680 478 1227 3681 590 1227 3682 476 1227 3683 590 1228 3684 478 1228 3685 348 1228 3686 590 1229 3687 348 1229 3688 636 1229 3689 636 1230 3690 348 1230 3691 345 1230 3692 636 1231 3693 345 1231 3694 640 1231 3695 640 1232 3696 345 1232 3697 659 1232 3698 594 1233 3699 305 1233 3700 331 1233 3701 596 1234 3702 131 1234 3703 582 1234 3704 683 1235 3705 59 1235 3706 684 1235 3707 59 1236 3708 683 1236 3709 48 1236 3710 223 1237 3711 490 1237 3712 393 1237 3713 46 1238 3714 470 1238 3715 43 1238 3716 470 1239 3717 46 1239 3718 35 1239 3719 124 1240 3720 473 1240 3721 247 1240 3722 1 1241 3723 232 1241 3724 233 1241 3725 232 1242 3726 1 1242 3727 475 1242 3728 475 1243 3729 1 1243 3730 346 1243 3731 346 1244 3732 1 1244 3733 675 1244 3734 346 1245 3735 675 1245 3736 134 1245 3737 346 1246 3738 134 1246 3739 347 1246 3740 347 1247 3741 134 1247 3742 133 1247 3743 347 1248 3744 133 1248 3745 663 1248 3746 347 1249 3747 663 1249 3748 463 1249 3749 347 1250 3750 463 1250 3751 658 1250 3752 658 1251 3753 463 1251 3754 465 1251 3755 658 1252 3756 465 1252 3757 641 1252 3758 637 1253 3759 626 1253 3760 625 1253 3761 626 1254 3762 637 1254 3763 641 1254 3764 626 1255 3765 641 1255 3766 253 1255 3767 253 1256 3768 641 1256 3769 465 1256 3770 232 1257 3771 477 1257 3772 479 1257 3773 477 1258 3774 232 1258 3775 475 1258 3776 479 1259 3777 477 1259 3778 591 1259 3779 479 1260 3780 591 1260 3781 630 1260 3782 630 1261 3783 591 1261 3784 606 1261 3785 606 1262 3786 591 1262 3787 637 1262 3788 606 1263 3789 637 1263 3790 199 1263 3791 199 1264 3792 637 1264 3793 625 1264 3794 199 1265 3795 625 1265 3796 599 1265 3797 199 1266 3798 599 1266 3799 654 1266 3800 654 1267 3801 599 1267 3802 560 1267 3803 654 1268 3804 560 1268 3805 557 1268 3806 654 1269 3807 557 1269 3808 608 1269 3809 608 1270 3810 557 1270 3811 643 1270 3812 608 1271 3813 643 1271 3814 609 1271 3815 609 1272 3816 643 1272 3817 655 1272 3818 609 1273 3819 655 1273 3820 650 1273 3821 609 1274 3822 650 1274 3823 264 1274 3824 264 1275 3825 650 1275 3826 647 1275 3827 630 1276 3828 530 1276 3829 479 1276 3830 528 1277 3831 45 1277 3832 677 1277 3833 323 1278 3834 94 1278 3835 352 1278 3836 346 1279 3837 478 1279 3838 475 1279 3839 478 1280 3840 346 1280 3841 348 1280 3842 365 1281 3843 222 1281 3844 363 1281 3845 222 1282 3846 365 1282 3847 220 1282 3848 684 1283 3849 61 1283 3850 685 1283 3851 61 1284 3852 684 1284 3853 59 1284 3854 134 1285 3855 675 1285 3856 679 1285 3857 681 1286 3858 219 1286 3859 109 1286 3860 295 1287 3861 652 1287 3862 296 1287 3863 594 1288 3864 331 1288 3865 296 1288 3866 336 1289 3867 652 1289 3868 337 1289 3869 262 1290 3870 422 1290 3871 312 1290 3872 316 1291 3873 666 1291 3874 314 1291 3875 666 1292 3876 316 1292 3877 646 1292 3878 521 1293 3879 54 1293 3880 55 1293 3881 54 1294 3882 521 1294 3883 297 1294 3884 304 1295 3885 402 1295 3886 350 1295 3887 675 1296 3888 3 1296 3889 679 1296 3890 601 1297 3891 115 1297 3892 372 1297 3893 115 1298 3894 601 1298 3895 602 1298 3896 661 1299 3897 218 1299 3898 392 1299 3899 383 1300 3900 400 1300 3901 382 1300 3902 661 1301 3903 109 1301 3904 218 1301 3905 351 1302 3906 402 1302 3907 404 1302 3908 402 1303 3909 351 1303 3910 350 1303 3911 40 1304 3912 272 1304 3913 94 1304 3914 674 1305 3915 62 1305 3916 64 1305 3917 62 1306 3918 674 1306 3919 375 1306 3920 658 1307 3921 345 1307 3922 347 1307 3923 345 1308 3924 658 1308 3925 659 1308 3926 15 1309 3927 657 1309 3928 16 1309 3929 336 1310 3930 634 1310 3931 652 1310 3932 677 1311 3933 352 1311 3934 349 1311 3935 352 1312 3936 677 1312 3937 323 1312 3938 676 1313 3939 291 1313 3940 133 1313 3941 378 1314 3942 380 1314 3943 175 1314 3944 682 1315 3945 316 1315 3946 672 1315 3947 316 1316 3948 682 1316 3949 646 1316 3950 551 1317 3951 680 1317 3952 2 1317 3953 680 1318 3954 551 1318 3955 553 1318 3956 352 1319 3957 304 1319 3958 350 1319 3959 651 1320 3960 184 1320 3961 183 1320 3962 292 1321 3963 123 1321 3964 16 1321 3965 17 1322 3966 19 1322 3967 95 1322 3968 252 1323 3969 459 1323 3970 209 1323 3971 677 1324 3972 41 1324 3973 323 1324 3974 41 1325 3975 677 1325 3976 44 1325 3977 490 1326 3978 394 1326 3979 393 1326 3980 205 1327 3981 252 1327 3982 249 1327 3983 252 1328 3984 205 1328 3985 459 1328 3986 382 1329 3987 402 1329 3988 304 1329 3989 272 1330 3990 92 1330 3991 94 1330 3992 561 1331 3993 288 1331 3994 290 1331 3995 288 1332 3996 561 1332 3997 460 1332 3998 355 1333 3999 486 1333 4000 300 1333 4001 131 1334 4002 130 1334 4003 582 1334 4004 382 1335 4005 400 1335 4006 402 1335 4007 622 1336 4008 280 1336 4009 279 1336 4010 223 1337 4011 393 1337 4012 18 1337 4013 259 1338 4014 427 1338 4015 260 1338 4016 614 1339 4017 335 1339 4018 149 1339 4019 675 1340 4020 0 1340 4021 3 1340 4022 312 1341 4023 422 1341 4024 303 1341 4025 472 1342 4026 349 1342 4027 351 1342 4028 427 1343 4029 187 1343 4030 186 1343 4031 187 1344 4032 427 1344 4033 436 1344 4034 431 1345 4035 426 1345 4036 429 1345 4037 426 1346 4038 431 1346 4039 260 1346 4040 306 1347 4041 564 1347 4042 307 1347 4043 96 1348 4044 399 1348 4045 383 1348 4046 304 1349 4047 303 1349 4048 382 1349 4049 384 1350 4050 432 1350 4051 514 1350 4052 432 1351 4053 384 1351 4054 385 1351 4055 634 1352 4056 296 1352 4057 652 1352 4058 680 1353 4059 212 1353 4060 219 1353 4061 685 1354 4062 60 1354 4063 376 1354 4064 60 1355 4065 685 1355 4066 61 1355 4067 290 1356 4068 651 1356 4069 452 1356 4070 651 1357 4071 290 1357 4072 289 1357 4073 486 1358 4074 301 1358 4075 300 1358 4076 96 1359 4077 422 1359 4078 381 1359 4079 435 1360 4080 431 1360 4081 267 1360 4082 263 1361 4083 287 1361 4084 284 1361 4085 287 1362 4086 263 1362 4087 265 1362 4088 243 1363 4089 236 1363 4090 238 1363 4091 236 1364 4092 243 1364 4093 245 1364 4094 669 1365 4095 682 1365 4096 672 1365 4097 682 1366 4098 669 1366 4099 670 1366 4100 514 1367 4101 180 1367 4102 182 1367 4103 180 1368 4104 514 1368 4105 432 1368 4106 436 1369 4107 310 1369 4108 187 1369 4109 310 1370 4110 436 1370 4111 309 1370 4112 132 1371 4113 366 1371 4114 356 1371 4115 646 1372 4116 208 1372 4117 666 1372 4118 587 1373 4119 642 1373 4120 174 1373 4121 325 1374 4122 437 1374 4123 326 1374 4124 437 1375 4125 325 1375 4126 438 1375 4127</p>
        </triangles>
      </mesh>
    </geometry>
  </library_geometries>
  <library_visual_scenes>
    <visual_scene id="Scene" name="Scene">
      <node id="disposal_bin" name="disposal_bin" type="NODE">
        <matrix sid="transform">1 0 0 0 0 1 0 0 0 0 1 0 0 0 0 1</matrix>
        <instance_geometry url="#disposal_bin-mesh" name="disposal_bin">
          <bind_material>
            <technique_common>
              <instance_material symbol="Material_001-material" target="#Material_001-material">
                <bind_vertex_input semantic="UVMap" input_semantic="TEXCOORD" input_set="0"/>
              </instance_material>
            </technique_common>
          </bind_material>
        </instance_geometry>
      </node>
    </visual_scene>
  </library_visual_scenes>
  <scene>
    <instance_visual_scene url="#Scene"/>
  </scene>
</COLLADA>